,0,1,2,3,4,5,6,7
0,"('pk', '18022995127644114')","('text', '@satish.az —Å—É–±–±–æ—Ç–∞ –∏ –≤–æ—Å–∫—Ä–µ—Å–µ–Ω—å–µ —É –∫–æ–º–∞–Ω–¥—ã –≤—ã—Ö–æ–¥–Ω–æ–π, –ø–æ—ç—Ç–æ–º—É –º—ã –º–æ–∂–µ–º –æ—Ç–≤–µ—á–∞—Ç—å –¥–æ–ª—å—à–µ, —á–µ–º –≤ —Ä–∞–±–æ—á–∏–µ –¥–Ω–∏ ‚ù§Ô∏è')","('user', UserShort(pk='1334087929', username='linguatrip_com', full_name='LinguaTrip.com', profile_pic_url=HttpUrl('https://scontent-atl3-2.cdninstagram.com/v/t51.2885-19/72974417_445282672859426_2794534880757678080_n.jpg?stp=dst-jpg_e0_s150x150&_nc_ht=scontent-atl3-2.cdninstagram.com&_nc_cat=102&_nc_ohc=ZpUjw-CWylMAX9i2YwI&edm=AId3EpQBAAAA&ccb=7-5&oh=00_AfABDDJvOrv3h-mzJqTJlB8Zq2bl7xYx1Xc91jxx4hx19w&oe=652FEE8A&_nc_sid=f5838a', ), profile_pic_url_hd=None, is_private=False, stories=[]))","('created_at_utc', datetime.datetime(2023, 9, 3, 14, 16, 26, tzinfo=datetime.timezone.utc))","('content_type', 'comment')","('status', 'Active')","('has_liked', False)","('like_count', 0)"
1,"('pk', '18008049814772274')","('text', '@linguatrip_com –£–∂–µ —Ç—Ä–µ—Ç–∏–π –¥–µ–Ω—å –≤–µ–¥—É –ø–µ—Ä–µ–≥–æ–≤–æ—Ä—ã –Ω–∞—Å—á—ë—Ç –∑–∞–ø–∏—Å–∏ –Ω–∞ –≤–∞—à–∏ –∫—É—Ä—Å—ã. –ü–æ–∫–∞ –±–µ–∑ —Ä–µ–∑—É–ª—å—Ç–∞—Ç–Ω–æ. –û—á–µ–Ω—å —Å–ª–∞–±–∞—è –∏ –º–µ–¥–ª–µ–Ω–Ω–∞—è Feedbacks!!!')","('user', UserShort(pk='542164739', username='satish.az', full_name='Textile', profile_pic_url=HttpUrl('https://scontent-atl3-2.cdninstagram.com/v/t51.2885-19/107919167_719702198824007_3426653322644842837_n.jpg?stp=dst-jpg_e0_s150x150&_nc_ht=scontent-atl3-2.cdninstagram.com&_nc_cat=111&_nc_ohc=tuaqWttFVaAAX8XnUI3&edm=AId3EpQBAAAA&ccb=7-5&oh=00_AfDCeJk8BJIp4gVhFxZlquKg6E_K_ILAzbWE7p5zFVDF3Q&oe=652FF168&_nc_sid=f5838a', ), profile_pic_url_hd=None, is_private=False, stories=[]))","('created_at_utc', datetime.datetime(2023, 9, 3, 7, 13, 54, tzinfo=datetime.timezone.utc))","('content_type', 'comment')","('status', 'Active')","('has_liked', False)","('like_count', 0)"
2,"('pk', '18015135430837325')","('text', '–ö—É–ø–∏–ª–∞ –∫–Ω–∏–≥—É, –≤—Å–µ –ø—Ä–∏—à–ª–æ. –ù–æ —Å–∞–º–æ —Å–æ–¥–µ—Ä–∂–∏–º–æ–µ –Ω–µ –ø–æ–Ω—Ä–∞–≤–∏–ª–æ—Å—å. 40 —Å—Ç—Ä–∞–Ω–∏—Ü –ø–æ–¥—Ä—è–¥ - —Ñ–æ—Ç–æ–≥—Ä–∞—Ñ–∏–∏ —Ñ–∏–ª—å–º–æ–≤, —Å –∏—Ö –æ–ø–∏—Å–∞–Ω–∏–µ–º –Ω–∞ —Ä—É—Å—Å–∫–æ–º —è–∑—ã–∫–µ. –®—Ä–∏—Ñ—Ç –∫–∞–∫ –≤ –∫–Ω–∏–≥–∞—Ö –¥–ª—è –¥–æ—à–∫–æ–ª—å–Ω–∏–∫–æ–≤')","('user', UserShort(pk='8920437875', username='s_maslom_hlebushek', full_name='Anastasiia Popova', profile_pic_url=HttpUrl('https://scontent-atl3-1.cdninstagram.com/v/t51.2885-19/346099708_769109841511089_7241923588233910253_n.jpg?stp=dst-jpg_e0_s150x150&_nc_ht=scontent-atl3-1.cdninstagram.com&_nc_cat=109&_nc_ohc=_n3sJUbC998AX998oA9&edm=AId3EpQBAAAA&ccb=7-5&oh=00_AfCQjOAfkCMB7oMscax_tSAKu1hwVDhkKhBS1DERjtrdUQ&oe=652FE6B9&_nc_sid=f5838a', ), profile_pic_url_hd=None, is_private=False, stories=[]))","('created_at_utc', datetime.datetime(2023, 8, 26, 17, 22, 16, tzinfo=datetime.timezone.utc))","('content_type', 'comment')","('status', 'Active')","('has_liked', False)","('like_count', 2)"
3,"('pk', '18066363928413051')","('text', '@plmnbxc_ –î–æ–±—Ä—ã–π –¥–µ–Ω—å! –ù–∞–ø–∏—Å–∞–ª–∏ –≤–∞–º üôå')","('user', UserShort(pk='1334087929', username='linguatrip_com', full_name='LinguaTrip.com', profile_pic_url=HttpUrl('https://scontent-atl3-2.cdninstagram.com/v/t51.2885-19/72974417_445282672859426_2794534880757678080_n.jpg?stp=dst-jpg_e0_s150x150&_nc_ht=scontent-atl3-2.cdninstagram.com&_nc_cat=102&_nc_ohc=ZpUjw-CWylMAX9i2YwI&edm=AId3EpQBAAAA&ccb=7-5&oh=00_AfABDDJvOrv3h-mzJqTJlB8Zq2bl7xYx1Xc91jxx4hx19w&oe=652FEE8A&_nc_sid=f5838a', ), profile_pic_url_hd=None, is_private=False, stories=[]))","('created_at_utc', datetime.datetime(2023, 8, 17, 7, 27, 58, tzinfo=datetime.timezone.utc))","('content_type', 'comment')","('status', 'Active')","('has_liked', False)","('like_count', 0)"
4,"('pk', '18005827438924371')","('text', '–ó–¥—Ä–∞–≤—Å—Ç–≤—É–π—Ç–µ. –ü–∏—à—É —É–∂–µ —Ç—Ä–µ—Ç–∏–π —Ä–∞–∑, –Ω–∏—á–µ–≥–æ –Ω–µ –ø–æ–ª—É—á–∏–ª–∞.')","('user', UserShort(pk='46802384471', username='plmnbxc_', full_name='', profile_pic_url=HttpUrl('https://scontent-lga3-2.cdninstagram.com/v/t51.2885-19/44884218_345707102882519_2446069589734326272_n.jpg?_nc_ht=scontent-lga3-2.cdninstagram.com&_nc_cat=1&_nc_ohc=ed9QgRqf6gEAX_SoVgL&edm=AAAAAAABAAAA&ccb=7-5&ig_cache_key=YW5vbnltb3VzX3Byb2ZpbGVfcGlj.2-ccb7-5&oh=00_AfA9u8cNdgE7c9SBmezyOLCaPGbF6uxbT9cyUskzg7p_Ww&oe=652FE84F&_nc_sid=000000', ), profile_pic_url_hd=None, is_private=True, stories=[]))","('created_at_utc', datetime.datetime(2023, 8, 17, 5, 20, 1, tzinfo=datetime.timezone.utc))","('content_type', 'comment')","('status', 'Active')","('has_liked', False)","('like_count', 1)"
5,"('pk', '17980860074187704')","('text', '@eco_nelle –Ω–∏—á–µ–≥–æ –Ω–µ –ø—Ä–∏—à–ª–æ')","('user', UserShort(pk='46802384471', username='plmnbxc_', full_name='', profile_pic_url=HttpUrl('https://scontent-lga3-2.cdninstagram.com/v/t51.2885-19/44884218_345707102882519_2446069589734326272_n.jpg?_nc_ht=scontent-lga3-2.cdninstagram.com&_nc_cat=1&_nc_ohc=ed9QgRqf6gEAX_SoVgL&edm=AAAAAAABAAAA&ccb=7-5&ig_cache_key=YW5vbnltb3VzX3Byb2ZpbGVfcGlj.2-ccb7-5&oh=00_AfA9u8cNdgE7c9SBmezyOLCaPGbF6uxbT9cyUskzg7p_Ww&oe=652FE84F&_nc_sid=000000', ), profile_pic_url_hd=None, is_private=True, stories=[]))","('created_at_utc', datetime.datetime(2023, 8, 17, 5, 19, 46, tzinfo=datetime.timezone.utc))","('content_type', 'comment')","('status', 'Active')","('has_liked', False)","('like_count', 0)"
6,"('pk', '18004465381927808')","('text', '@elvira_9112 Hello! DM you üôå')","('user', UserShort(pk='1334087929', username='linguatrip_com', full_name='LinguaTrip.com', profile_pic_url=HttpUrl('https://scontent-atl3-2.cdninstagram.com/v/t51.2885-19/72974417_445282672859426_2794534880757678080_n.jpg?stp=dst-jpg_e0_s150x150&_nc_ht=scontent-atl3-2.cdninstagram.com&_nc_cat=102&_nc_ohc=ZpUjw-CWylMAX9i2YwI&edm=AId3EpQBAAAA&ccb=7-5&oh=00_AfABDDJvOrv3h-mzJqTJlB8Zq2bl7xYx1Xc91jxx4hx19w&oe=652FEE8A&_nc_sid=f5838a', ), profile_pic_url_hd=None, is_private=False, stories=[]))","('created_at_utc', datetime.datetime(2023, 8, 13, 6, 49, 28, tzinfo=datetime.timezone.utc))","('content_type', 'comment')","('status', 'Active')","('has_liked', False)","('like_count', 0)"
7,"('pk', '17937008036617036')","('text', '@elvira_9112 Hello! DM you üòä')","('user', UserShort(pk='1334087929', username='linguatrip_com', full_name='LinguaTrip.com', profile_pic_url=HttpUrl('https://scontent-atl3-2.cdninstagram.com/v/t51.2885-19/72974417_445282672859426_2794534880757678080_n.jpg?stp=dst-jpg_e0_s150x150&_nc_ht=scontent-atl3-2.cdninstagram.com&_nc_cat=102&_nc_ohc=ZpUjw-CWylMAX9i2YwI&edm=AId3EpQBAAAA&ccb=7-5&oh=00_AfABDDJvOrv3h-mzJqTJlB8Zq2bl7xYx1Xc91jxx4hx19w&oe=652FEE8A&_nc_sid=f5838a', ), profile_pic_url_hd=None, is_private=False, stories=[]))","('created_at_utc', datetime.datetime(2023, 8, 12, 11, 51, 45, tzinfo=datetime.timezone.utc))","('content_type', 'comment')","('status', 'Active')","('has_liked', False)","('like_count', 0)"
8,"('pk', '18000927248003382')","('text', 'Hello , I bought your book , but can‚Äôt download it. There is a mistake, and I can‚Äôt open it .')","('user', UserShort(pk='1506038072', username='elvira_9112', full_name='Elvira Garabagli', profile_pic_url=HttpUrl('https://scontent-atl3-1.cdninstagram.com/v/t51.2885-19/385049936_1308883656442458_2715629900037575327_n.jpg?stp=dst-jpg_e0_s150x150&_nc_ht=scontent-atl3-1.cdninstagram.com&_nc_cat=106&_nc_ohc=NMlGOcYfvAIAX_8eNzK&edm=AId3EpQBAAAA&ccb=7-5&oh=00_AfCeQuyriMl1asacAR3w7XuysriQ7Fl6n7PLaK9vjY8-bg&oe=652FE189&_nc_sid=f5838a', ), profile_pic_url_hd=None, is_private=True, stories=[]))","('created_at_utc', datetime.datetime(2023, 8, 12, 11, 21, 17, tzinfo=datetime.timezone.utc))","('content_type', 'comment')","('status', 'Active')","('has_liked', False)","('like_count', 1)"
9,"('pk', '18002588140940359')","('text', '@rashid_._._._ –Ω–∞–ø–∏—Å–∞–ª–∏ –≤–∞–º üôå')","('user', UserShort(pk='1334087929', username='linguatrip_com', full_name='LinguaTrip.com', profile_pic_url=HttpUrl('https://scontent-atl3-2.cdninstagram.com/v/t51.2885-19/72974417_445282672859426_2794534880757678080_n.jpg?stp=dst-jpg_e0_s150x150&_nc_ht=scontent-atl3-2.cdninstagram.com&_nc_cat=102&_nc_ohc=ZpUjw-CWylMAX9i2YwI&edm=AId3EpQBAAAA&ccb=7-5&oh=00_AfABDDJvOrv3h-mzJqTJlB8Zq2bl7xYx1Xc91jxx4hx19w&oe=652FEE8A&_nc_sid=f5838a', ), profile_pic_url_hd=None, is_private=False, stories=[]))","('created_at_utc', datetime.datetime(2023, 8, 9, 15, 17, 27, tzinfo=datetime.timezone.utc))","('content_type', 'comment')","('status', 'Active')","('has_liked', False)","('like_count', 0)"
10,"('pk', '17903809070819277')","('text', '@rashid_._._._ –ø—Ä–∏—à–ª–æ –Ω–∞ –ø–æ—á—Ç—É, –∫–æ—Ç–æ—Ä—É—é —è —É–∫–∞–∑–∞–ª–∞ –≤ –∞–Ω–∫–µ—Ç–µ! –î–æ—Å—Ç–∞—Ç–æ—á–Ω–æ –±—ã—Å—Ç—Ä–æ –∫—Å—Ç–∞—Ç–∏ ü§∑\u200d‚ôÄÔ∏è')","('user', UserShort(pk='6972957146', username='mariahidalgo_bows', full_name='–ú–∞—Ä–∏—è –ò–¥–∞–ª—å–≥–æ', profile_pic_url=HttpUrl('https://scontent-atl3-2.cdninstagram.com/v/t51.2885-19/387657065_6441801542597222_1992730713615004308_n.jpg?stp=dst-jpg_e0_s150x150&_nc_ht=scontent-atl3-2.cdninstagram.com&_nc_cat=102&_nc_ohc=6GL32mNf7g4AX8NGt0V&edm=AId3EpQBAAAA&ccb=7-5&oh=00_AfDXorqI_oGaGGn2Nx5zFwjhhFls8Edw01UIO-uur3fpnw&oe=653032CC&_nc_sid=f5838a', ), profile_pic_url_hd=None, is_private=False, stories=[]))","('created_at_utc', datetime.datetime(2023, 8, 9, 11, 46, 9, tzinfo=datetime.timezone.utc))","('content_type', 'comment')","('status', 'Active')","('has_liked', False)","('like_count', 1)"
11,"('pk', '18008386027879159')","('text', '@zhuldyz_junussova +++')","('user', UserShort(pk='10229364436', username='rashid_._._._', full_name='‚ô£Ô∏èRashid‚ô£Ô∏è', profile_pic_url=HttpUrl('https://scontent-atl3-2.cdninstagram.com/v/t51.2885-19/380934430_694346719393235_8954149413129898378_n.jpg?stp=dst-jpg_e0_s150x150&_nc_ht=scontent-atl3-2.cdninstagram.com&_nc_cat=111&_nc_ohc=GZnMoc2xJQgAX-JlIEB&edm=AId3EpQBAAAA&ccb=7-5&oh=00_AfD-LTMD7_JL3JNu14AsYlUL1sxeRJKMTfL4MFuW1sOkDA&oe=65304646&_nc_sid=f5838a', ), profile_pic_url_hd=None, is_private=True, stories=[]))","('created_at_utc', datetime.datetime(2023, 8, 9, 9, 31, 8, tzinfo=datetime.timezone.utc))","('content_type', 'comment')","('status', 'Active')","('has_liked', False)","('like_count', 0)"
12,"('pk', '18117211588313635')","('text', '@mariahidalgo_bows –∫–∞–∫ –ø–æ–ª—É—á–∏–ª–∏ –º–æ–∂–µ—Ç–µ —Å–∫–∞–∑–∞—Ç—å. –Ø –æ–ø–ª–∞—Ç–∏–ª –Ω–æ –Ω–∏—á–µ–≥–æ –Ω–µ –ø–æ–ª—É—á–∏–ª')","('user', UserShort(pk='10229364436', username='rashid_._._._', full_name='‚ô£Ô∏èRashid‚ô£Ô∏è', profile_pic_url=HttpUrl('https://scontent-atl3-2.cdninstagram.com/v/t51.2885-19/380934430_694346719393235_8954149413129898378_n.jpg?stp=dst-jpg_e0_s150x150&_nc_ht=scontent-atl3-2.cdninstagram.com&_nc_cat=111&_nc_ohc=GZnMoc2xJQgAX-JlIEB&edm=AId3EpQBAAAA&ccb=7-5&oh=00_AfD-LTMD7_JL3JNu14AsYlUL1sxeRJKMTfL4MFuW1sOkDA&oe=65304646&_nc_sid=f5838a', ), profile_pic_url_hd=None, is_private=True, stories=[]))","('created_at_utc', datetime.datetime(2023, 8, 9, 9, 30, 54, tzinfo=datetime.timezone.utc))","('content_type', 'comment')","('status', 'Active')","('has_liked', False)","('like_count', 1)"
13,"('pk', '17999174326884002')","('text', '@eco_nelle –≤—á–µ—Ä–∞ –∑–∞–∫–∞–∑–∞–ª–∞ –∏ –≤—á–µ—Ä–∞ –ø–æ–ª—É—á–∏–ª–∞)))')","('user', UserShort(pk='6972957146', username='mariahidalgo_bows', full_name='–ú–∞—Ä–∏—è –ò–¥–∞–ª—å–≥–æ', profile_pic_url=HttpUrl('https://scontent-atl3-2.cdninstagram.com/v/t51.2885-19/387657065_6441801542597222_1992730713615004308_n.jpg?stp=dst-jpg_e0_s150x150&_nc_ht=scontent-atl3-2.cdninstagram.com&_nc_cat=102&_nc_ohc=6GL32mNf7g4AX8NGt0V&edm=AId3EpQBAAAA&ccb=7-5&oh=00_AfDXorqI_oGaGGn2Nx5zFwjhhFls8Edw01UIO-uur3fpnw&oe=653032CC&_nc_sid=f5838a', ), profile_pic_url_hd=None, is_private=False, stories=[]))","('created_at_utc', datetime.datetime(2023, 8, 6, 14, 51, 23, tzinfo=datetime.timezone.utc))","('content_type', 'comment')","('status', 'Active')","('has_liked', False)","('like_count', 0)"
14,"('pk', '18017405812662166')","('text', '@eco_nelle –≤—Å–µ –∫–Ω–∏–≥–∏ –¥–æ—Ö–æ–¥—è—Ç üòä –∏–Ω–æ–≥–¥–∞ –ø—Ä–æ–∏—Å—Ö–æ–¥–∏—Ç —Å–±–æ–π, –Ω–æ –º—ã –∫–∞–∂–¥–æ–º—É –æ—Ç–ø—Ä–∞–≤–ª—è–µ–º ‚ù§Ô∏è')","('user', UserShort(pk='1334087929', username='linguatrip_com', full_name='LinguaTrip.com', profile_pic_url=HttpUrl('https://scontent-atl3-2.cdninstagram.com/v/t51.2885-19/72974417_445282672859426_2794534880757678080_n.jpg?stp=dst-jpg_e0_s150x150&_nc_ht=scontent-atl3-2.cdninstagram.com&_nc_cat=102&_nc_ohc=ZpUjw-CWylMAX9i2YwI&edm=AId3EpQBAAAA&ccb=7-5&oh=00_AfABDDJvOrv3h-mzJqTJlB8Zq2bl7xYx1Xc91jxx4hx19w&oe=652FEE8A&_nc_sid=f5838a', ), profile_pic_url_hd=None, is_private=False, stories=[]))","('created_at_utc', datetime.datetime(2023, 8, 5, 12, 33, 30, tzinfo=datetime.timezone.utc))","('content_type', 'comment')","('status', 'Active')","('has_liked', False)","('like_count', 0)"
15,"('pk', '17997104912012386')","('text', '–•–æ—á—É –∫—É–ø–∏—Ç—å –∫–Ω–∏–≥—É, –Ω–æ —Å—É–¥—è –ø–æ –æ—Ç–∑—ã–≤–∞–º –æ–Ω–∞ –Ω–µ –ø—Ä–∏—Ö–æ–¥–∏—Ç')","('user', UserShort(pk='39691921279', username='anelle_sun', full_name='ALHADAYA | ATYRAU | SMM | TERGET | RESTAURANTS', profile_pic_url=HttpUrl('https://scontent-atl3-2.cdninstagram.com/v/t51.2885-19/280031620_121703063832755_2870372569903368002_n.jpg?stp=dst-jpg_e0_s150x150&_nc_ht=scontent-atl3-2.cdninstagram.com&_nc_cat=111&_nc_ohc=2kXeN4-nNQIAX-FLR7j&edm=AId3EpQBAAAA&ccb=7-5&oh=00_AfCjrCwZJFmfvRDhD6v3Qh0VQVSo-LMgDTCEr2hdyIeW1g&oe=652FE5BD&_nc_sid=f5838a', ), profile_pic_url_hd=None, is_private=False, stories=[]))","('created_at_utc', datetime.datetime(2023, 8, 5, 4, 48, 22, tzinfo=datetime.timezone.utc))","('content_type', 'comment')","('status', 'Active')","('has_liked', False)","('like_count', 0)"
16,"('pk', '18058321831438104')","('text', '@zhuldyz_junussova –î–æ–±—Ä—ã–π –¥–µ–Ω—å! –ù–∞–ø–∏—Å–∞–ª–∏ –≤–∞–º üôå')","('user', UserShort(pk='1334087929', username='linguatrip_com', full_name='LinguaTrip.com', profile_pic_url=HttpUrl('https://scontent-atl3-2.cdninstagram.com/v/t51.2885-19/72974417_445282672859426_2794534880757678080_n.jpg?stp=dst-jpg_e0_s150x150&_nc_ht=scontent-atl3-2.cdninstagram.com&_nc_cat=102&_nc_ohc=ZpUjw-CWylMAX9i2YwI&edm=AId3EpQBAAAA&ccb=7-5&oh=00_AfABDDJvOrv3h-mzJqTJlB8Zq2bl7xYx1Xc91jxx4hx19w&oe=652FEE8A&_nc_sid=f5838a', ), profile_pic_url_hd=None, is_private=False, stories=[]))","('created_at_utc', datetime.datetime(2023, 8, 4, 11, 43, 26, tzinfo=datetime.timezone.utc))","('content_type', 'comment')","('status', 'Active')","('has_liked', False)","('like_count', 0)"
17,"('pk', '17988872714326335')","('text', '@zhuldyz_junussova –Ω–∞–ø–∏—Å–∞–ª–∏ –≤–∞–º üôå')","('user', UserShort(pk='1334087929', username='linguatrip_com', full_name='LinguaTrip.com', profile_pic_url=HttpUrl('https://scontent-atl3-2.cdninstagram.com/v/t51.2885-19/72974417_445282672859426_2794534880757678080_n.jpg?stp=dst-jpg_e0_s150x150&_nc_ht=scontent-atl3-2.cdninstagram.com&_nc_cat=102&_nc_ohc=ZpUjw-CWylMAX9i2YwI&edm=AId3EpQBAAAA&ccb=7-5&oh=00_AfABDDJvOrv3h-mzJqTJlB8Zq2bl7xYx1Xc91jxx4hx19w&oe=652FEE8A&_nc_sid=f5838a', ), profile_pic_url_hd=None, is_private=False, stories=[]))","('created_at_utc', datetime.datetime(2023, 8, 4, 11, 40, 1, tzinfo=datetime.timezone.utc))","('content_type', 'comment')","('status', 'Active')","('has_liked', False)","('like_count', 0)"
18,"('pk', '17986879580334149')","('text', '@linguatrip_com –∏ –º–Ω–µ –Ω–µ –ø—Ä–∏—à–ª–æ')","('user', UserShort(pk='1475672247', username='zhuldyz_junussova', full_name='', profile_pic_url=HttpUrl('https://scontent-atl3-2.cdninstagram.com/v/t51.2885-19/288106126_550879196647633_8652026540542876616_n.jpg?stp=dst-jpg_e0_s150x150&_nc_ht=scontent-atl3-2.cdninstagram.com&_nc_cat=101&_nc_ohc=XCS0iq7mN-IAX_KPa13&edm=AId3EpQBAAAA&ccb=7-5&oh=00_AfANZJ3FPpIdpxckOPTb3SuC2WAeRwZfFwZ5hMUs-B5Dag&oe=652F93BC&_nc_sid=f5838a', ), profile_pic_url_hd=None, is_private=True, stories=[]))","('created_at_utc', datetime.datetime(2023, 8, 4, 10, 19, 20, tzinfo=datetime.timezone.utc))","('content_type', 'comment')","('status', 'Active')","('has_liked', False)","('like_count', 0)"
19,"('pk', '17975878607276104')","('text', '–ó–¥—Ä–∞–≤—Å—Ç–≤—É–π—Ç–µ –∫—É–ø–∏–ª–∞ –ø–æ—Å–æ–±–∏–µ, –Ω–∏—á–µ–≥–æ –Ω–µ –ø—Ä–∏—Å–ª–∞–ª–∏. –ù–∏–≥–¥–µ –Ω–µ –æ—Ç–≤–µ—á–∞–µ—Ç–µ')","('user', UserShort(pk='1475672247', username='zhuldyz_junussova', full_name='', profile_pic_url=HttpUrl('https://scontent-atl3-2.cdninstagram.com/v/t51.2885-19/288106126_550879196647633_8652026540542876616_n.jpg?stp=dst-jpg_e0_s150x150&_nc_ht=scontent-atl3-2.cdninstagram.com&_nc_cat=101&_nc_ohc=XCS0iq7mN-IAX_KPa13&edm=AId3EpQBAAAA&ccb=7-5&oh=00_AfANZJ3FPpIdpxckOPTb3SuC2WAeRwZfFwZ5hMUs-B5Dag&oe=652F93BC&_nc_sid=f5838a', ), profile_pic_url_hd=None, is_private=True, stories=[]))","('created_at_utc', datetime.datetime(2023, 8, 4, 10, 18, 36, tzinfo=datetime.timezone.utc))","('content_type', 'comment')","('status', 'Active')","('has_liked', False)","('like_count', 2)"
20,"('pk', '18006342124865369')","('text', '@linguatrip_com –ó–Ω–∞–π—à–ª–∞ –≤ –ü—Ä–æ–º–æ–∞–∫—Ü—ñ—è—Ö. –î—è–∫—É—é.')","('user', UserShort(pk='260795853', username='natabasket', full_name='Nataliia', profile_pic_url=HttpUrl('https://scontent-atl3-2.cdninstagram.com/v/t51.2885-19/300178637_189167140221134_4620881037725062070_n.jpg?stp=dst-jpg_e0_s150x150&_nc_ht=scontent-atl3-2.cdninstagram.com&_nc_cat=102&_nc_ohc=EB9PAxCF7zAAX-egeyS&edm=AId3EpQBAAAA&ccb=7-5&oh=00_AfAL9x3x8WfP1oWjN1A4bi2Zo9A8Z2J81cBIezI95d0-8g&oe=65309731&_nc_sid=f5838a', ), profile_pic_url_hd=None, is_private=False, stories=[]))","('created_at_utc', datetime.datetime(2023, 7, 30, 13, 16, tzinfo=datetime.timezone.utc))","('content_type', 'comment')","('status', 'Active')","('has_liked', False)","('like_count', 1)"
21,"('pk', '17995953542025243')","('text', '@natabasket –î–æ–±—Ä—ã–π –¥–µ–Ω—å! –ú—ã –≤–∞–º –Ω–∞–ø–∏—Å–∞–ª–∏ üôå')","('user', UserShort(pk='1334087929', username='linguatrip_com', full_name='LinguaTrip.com', profile_pic_url=HttpUrl('https://scontent-atl3-2.cdninstagram.com/v/t51.2885-19/72974417_445282672859426_2794534880757678080_n.jpg?stp=dst-jpg_e0_s150x150&_nc_ht=scontent-atl3-2.cdninstagram.com&_nc_cat=102&_nc_ohc=ZpUjw-CWylMAX9i2YwI&edm=AId3EpQBAAAA&ccb=7-5&oh=00_AfABDDJvOrv3h-mzJqTJlB8Zq2bl7xYx1Xc91jxx4hx19w&oe=652FEE8A&_nc_sid=f5838a', ), profile_pic_url_hd=None, is_private=False, stories=[]))","('created_at_utc', datetime.datetime(2023, 7, 30, 11, 43, 20, tzinfo=datetime.timezone.utc))","('content_type', 'comment')","('status', 'Active')","('has_liked', False)","('like_count', 0)"
22,"('pk', '18272716111147965')","('text', '–î–æ–±—Ä–æ–≥–æ –¥–Ω—è, –ú–µ–Ω—ñ —Ç–µ–∂ –Ω—ñ—á–æ–≥–æ –Ω–µ –ø—Ä–∏—Ö–æ–¥–∏—Ç—å –≤–∂–µ —Ç–∏–∂–¥–µ–Ω—å. –ù–∞–ø–∏—Å–∞–ª–∞ –Ω–∞ –µ–º–∞—ñ–ª, –≤—ñ–¥–ø–æ–≤—ñ–¥—ñ –Ω–µ–º–∞—îüòû')","('user', UserShort(pk='260795853', username='natabasket', full_name='Nataliia', profile_pic_url=HttpUrl('https://scontent-atl3-2.cdninstagram.com/v/t51.2885-19/300178637_189167140221134_4620881037725062070_n.jpg?stp=dst-jpg_e0_s150x150&_nc_ht=scontent-atl3-2.cdninstagram.com&_nc_cat=102&_nc_ohc=EB9PAxCF7zAAX-egeyS&edm=AId3EpQBAAAA&ccb=7-5&oh=00_AfAL9x3x8WfP1oWjN1A4bi2Zo9A8Z2J81cBIezI95d0-8g&oe=65309731&_nc_sid=f5838a', ), profile_pic_url_hd=None, is_private=False, stories=[]))","('created_at_utc', datetime.datetime(2023, 7, 30, 9, 21, 50, tzinfo=datetime.timezone.utc))","('content_type', 'comment')","('status', 'Active')","('has_liked', False)","('like_count', 0)"
23,"('pk', '18018451084714563')","('text', '@sunita_pancholi_ okay')","('user', UserShort(pk='27306536515', username='shirinshanta', full_name='Shirin Shanta', profile_pic_url=HttpUrl('https://scontent-atl3-1.cdninstagram.com/v/t51.2885-19/332769781_179831218081110_6219899353412051394_n.jpg?stp=dst-jpg_e0_s150x150&_nc_ht=scontent-atl3-1.cdninstagram.com&_nc_cat=106&_nc_ohc=1Ke8ou8rrV4AX_fKH9v&edm=AId3EpQBAAAA&ccb=7-5&oh=00_AfAOZ9bcyNTOeu08utVKztI8j4Y1q4nE8-xm4i2Uo53J-A&oe=65302FB9&_nc_sid=f5838a', ), profile_pic_url_hd=None, is_private=False, stories=[]))","('created_at_utc', datetime.datetime(2023, 7, 26, 16, 19, 47, tzinfo=datetime.timezone.utc))","('content_type', 'comment')","('status', 'Active')","('has_liked', False)","('like_count', 0)"
24,"('pk', '17976117536384460')","('text', '@shirinshanta i am sending you message')","('user', UserShort(pk='43707283104', username='sunita_pancholi_', full_name='Sunita Pancholi', profile_pic_url=HttpUrl('https://scontent-atl3-1.cdninstagram.com/v/t51.2885-19/378631679_6345779145533806_7510639004957482475_n.jpg?stp=dst-jpg_e0_s150x150&_nc_ht=scontent-atl3-1.cdninstagram.com&_nc_cat=110&_nc_ohc=5LviPdffY94AX9PSA0X&edm=AId3EpQBAAAA&ccb=7-5&oh=00_AfDEqq-yFVHyS58l7wUVjg1p2uXBvThGhaIlzvNOOhsw9g&oe=653004E1&_nc_sid=f5838a', ), profile_pic_url_hd=None, is_private=True, stories=[]))","('created_at_utc', datetime.datetime(2023, 7, 26, 16, 15, 36, tzinfo=datetime.timezone.utc))","('content_type', 'comment')","('status', 'Active')","('has_liked', False)","('like_count', 0)"
25,"('pk', '18015077269667999')","('text', '@sunita_pancholi_  how can connect with you??')","('user', UserShort(pk='27306536515', username='shirinshanta', full_name='Shirin Shanta', profile_pic_url=HttpUrl('https://scontent-atl3-1.cdninstagram.com/v/t51.2885-19/332769781_179831218081110_6219899353412051394_n.jpg?stp=dst-jpg_e0_s150x150&_nc_ht=scontent-atl3-1.cdninstagram.com&_nc_cat=106&_nc_ohc=1Ke8ou8rrV4AX_fKH9v&edm=AId3EpQBAAAA&ccb=7-5&oh=00_AfAOZ9bcyNTOeu08utVKztI8j4Y1q4nE8-xm4i2Uo53J-A&oe=65302FB9&_nc_sid=f5838a', ), profile_pic_url_hd=None, is_private=False, stories=[]))","('created_at_utc', datetime.datetime(2023, 7, 26, 16, 6, 35, tzinfo=datetime.timezone.utc))","('content_type', 'comment')","('status', 'Active')","('has_liked', False)","('like_count', 0)"
26,"('pk', '18376249888028734')","('text', ""You're neighbors broüòÅüòÅ"")","('user', UserShort(pk='27306536515', username='shirinshanta', full_name='Shirin Shanta', profile_pic_url=HttpUrl('https://scontent-atl3-1.cdninstagram.com/v/t51.2885-19/332769781_179831218081110_6219899353412051394_n.jpg?stp=dst-jpg_e0_s150x150&_nc_ht=scontent-atl3-1.cdninstagram.com&_nc_cat=106&_nc_ohc=1Ke8ou8rrV4AX_fKH9v&edm=AId3EpQBAAAA&ccb=7-5&oh=00_AfAOZ9bcyNTOeu08utVKztI8j4Y1q4nE8-xm4i2Uo53J-A&oe=65302FB9&_nc_sid=f5838a', ), profile_pic_url_hd=None, is_private=False, stories=[]))","('created_at_utc', datetime.datetime(2023, 7, 26, 16, 2, 34, tzinfo=datetime.timezone.utc))","('content_type', 'comment')","('status', 'Active')","('has_liked', False)","('like_count', 1)"
27,"('pk', '18032612527538821')","('text', '@sunita_pancholi_ Bangladesh.')","('user', UserShort(pk='27306536515', username='shirinshanta', full_name='Shirin Shanta', profile_pic_url=HttpUrl('https://scontent-atl3-1.cdninstagram.com/v/t51.2885-19/332769781_179831218081110_6219899353412051394_n.jpg?stp=dst-jpg_e0_s150x150&_nc_ht=scontent-atl3-1.cdninstagram.com&_nc_cat=106&_nc_ohc=1Ke8ou8rrV4AX_fKH9v&edm=AId3EpQBAAAA&ccb=7-5&oh=00_AfAOZ9bcyNTOeu08utVKztI8j4Y1q4nE8-xm4i2Uo53J-A&oe=65302FB9&_nc_sid=f5838a', ), profile_pic_url_hd=None, is_private=False, stories=[]))","('created_at_utc', datetime.datetime(2023, 7, 26, 16, 2, 19, tzinfo=datetime.timezone.utc))","('content_type', 'comment')","('status', 'Active')","('has_liked', False)","('like_count', 0)"
28,"('pk', '17999409610962034')","('text', '@shirinshanta i am from India and you')","('user', UserShort(pk='43707283104', username='sunita_pancholi_', full_name='Sunita Pancholi', profile_pic_url=HttpUrl('https://scontent-atl3-1.cdninstagram.com/v/t51.2885-19/378631679_6345779145533806_7510639004957482475_n.jpg?stp=dst-jpg_e0_s150x150&_nc_ht=scontent-atl3-1.cdninstagram.com&_nc_cat=110&_nc_ohc=5LviPdffY94AX9PSA0X&edm=AId3EpQBAAAA&ccb=7-5&oh=00_AfDEqq-yFVHyS58l7wUVjg1p2uXBvThGhaIlzvNOOhsw9g&oe=653004E1&_nc_sid=f5838a', ), profile_pic_url_hd=None, is_private=True, stories=[]))","('created_at_utc', datetime.datetime(2023, 7, 26, 16, 1, 45, tzinfo=datetime.timezone.utc))","('content_type', 'comment')","('status', 'Active')","('has_liked', False)","('like_count', 0)"
29,"('pk', '18109998028316094')","('text', '@sunita_pancholi_ where are you from??')","('user', UserShort(pk='27306536515', username='shirinshanta', full_name='Shirin Shanta', profile_pic_url=HttpUrl('https://scontent-atl3-1.cdninstagram.com/v/t51.2885-19/332769781_179831218081110_6219899353412051394_n.jpg?stp=dst-jpg_e0_s150x150&_nc_ht=scontent-atl3-1.cdninstagram.com&_nc_cat=106&_nc_ohc=1Ke8ou8rrV4AX_fKH9v&edm=AId3EpQBAAAA&ccb=7-5&oh=00_AfAOZ9bcyNTOeu08utVKztI8j4Y1q4nE8-xm4i2Uo53J-A&oe=65302FB9&_nc_sid=f5838a', ), profile_pic_url_hd=None, is_private=False, stories=[]))","('created_at_utc', datetime.datetime(2023, 7, 26, 15, 58, 40, tzinfo=datetime.timezone.utc))","('content_type', 'comment')","('status', 'Active')","('has_liked', False)","('like_count', 0)"
30,"('pk', '17991031226157389')","('text', '@shirinshanta hy')","('user', UserShort(pk='43707283104', username='sunita_pancholi_', full_name='Sunita Pancholi', profile_pic_url=HttpUrl('https://scontent-atl3-1.cdninstagram.com/v/t51.2885-19/378631679_6345779145533806_7510639004957482475_n.jpg?stp=dst-jpg_e0_s150x150&_nc_ht=scontent-atl3-1.cdninstagram.com&_nc_cat=110&_nc_ohc=5LviPdffY94AX9PSA0X&edm=AId3EpQBAAAA&ccb=7-5&oh=00_AfDEqq-yFVHyS58l7wUVjg1p2uXBvThGhaIlzvNOOhsw9g&oe=653004E1&_nc_sid=f5838a', ), profile_pic_url_hd=None, is_private=True, stories=[]))","('created_at_utc', datetime.datetime(2023, 7, 26, 15, 45, 40, tzinfo=datetime.timezone.utc))","('content_type', 'comment')","('status', 'Active')","('has_liked', False)","('like_count', 0)"
31,"('pk', '18046967674465090')","('text', '@sunita_pancholi_ üëãüëã hello')","('user', UserShort(pk='27306536515', username='shirinshanta', full_name='Shirin Shanta', profile_pic_url=HttpUrl('https://scontent-atl3-1.cdninstagram.com/v/t51.2885-19/332769781_179831218081110_6219899353412051394_n.jpg?stp=dst-jpg_e0_s150x150&_nc_ht=scontent-atl3-1.cdninstagram.com&_nc_cat=106&_nc_ohc=1Ke8ou8rrV4AX_fKH9v&edm=AId3EpQBAAAA&ccb=7-5&oh=00_AfAOZ9bcyNTOeu08utVKztI8j4Y1q4nE8-xm4i2Uo53J-A&oe=65302FB9&_nc_sid=f5838a', ), profile_pic_url_hd=None, is_private=False, stories=[]))","('created_at_utc', datetime.datetime(2023, 7, 26, 15, 26, 24, tzinfo=datetime.timezone.utc))","('content_type', 'comment')","('status', 'Active')","('has_liked', False)","('like_count', 1)"
32,"('pk', '18356398366068981')","('text', '@_danikbalko_ Hello! DM you üôå')","('user', UserShort(pk='1334087929', username='linguatrip_com', full_name='LinguaTrip.com', profile_pic_url=HttpUrl('https://scontent-atl3-2.cdninstagram.com/v/t51.2885-19/72974417_445282672859426_2794534880757678080_n.jpg?stp=dst-jpg_e0_s150x150&_nc_ht=scontent-atl3-2.cdninstagram.com&_nc_cat=102&_nc_ohc=ZpUjw-CWylMAX9i2YwI&edm=AId3EpQBAAAA&ccb=7-5&oh=00_AfABDDJvOrv3h-mzJqTJlB8Zq2bl7xYx1Xc91jxx4hx19w&oe=652FEE8A&_nc_sid=f5838a', ), profile_pic_url_hd=None, is_private=False, stories=[]))","('created_at_utc', datetime.datetime(2023, 7, 9, 13, 32, 43, tzinfo=datetime.timezone.utc))","('content_type', 'comment')","('status', 'Active')","('has_liked', False)","('like_count', 0)"
33,"('pk', '18025482748569830')","('text', '–∫—É–ø–∏–≤ –∞ –Ω—ñ—á–æ–≥–æ –Ω–µ–ø—Ä–∏–π—à–ª–æ')","('user', UserShort(pk='5636851404', username='_danikbalko_', full_name='Danik', profile_pic_url=HttpUrl('https://scontent-atl3-1.cdninstagram.com/v/t51.2885-19/362281621_1330990784174895_625150724039529258_n.jpg?stp=dst-jpg_e0_s150x150&_nc_ht=scontent-atl3-1.cdninstagram.com&_nc_cat=103&_nc_ohc=zNpoP4BqANgAX-NmTsL&edm=AId3EpQBAAAA&ccb=7-5&oh=00_AfArJ_lzrxKbQBMR8GwI8A437F9RUvAQeDQH6s6Bo2ORfA&oe=6530736E&_nc_sid=f5838a', ), profile_pic_url_hd=None, is_private=False, stories=[]))","('created_at_utc', datetime.datetime(2023, 7, 9, 12, 5, 1, tzinfo=datetime.timezone.utc))","('content_type', 'comment')","('status', 'Active')","('has_liked', False)","('like_count', 1)"
34,"('pk', '17978649686147977')","('text', ""@sunita_pancholi_ let's communicate in direct or telegram"")","('user', UserShort(pk='21695163122', username='kmns_0s', full_name='Kamillkins', profile_pic_url=HttpUrl('https://scontent-atl3-2.cdninstagram.com/v/t51.2885-19/356228408_815023656860344_9162073028796338722_n.jpg?stp=dst-jpg_e0_s150x150&_nc_ht=scontent-atl3-2.cdninstagram.com&_nc_cat=104&_nc_ohc=lEU1Oo7lxlMAX-7W51D&edm=AId3EpQBAAAA&ccb=7-5&oh=00_AfDt4zRQRSnF_btX-JzcrfnQn3yXD1WKTWKRGleuC2N0Wg&oe=6531069C&_nc_sid=f5838a', ), profile_pic_url_hd=None, is_private=True, stories=[]))","('created_at_utc', datetime.datetime(2023, 7, 9, 7, 9, 6, tzinfo=datetime.timezone.utc))","('content_type', 'comment')","('status', 'Active')","('has_liked', False)","('like_count', 0)"
35,"('pk', '17856540107988960')","('text', '@kmns_0s hy')","('user', UserShort(pk='43707283104', username='sunita_pancholi_', full_name='Sunita Pancholi', profile_pic_url=HttpUrl('https://scontent-atl3-1.cdninstagram.com/v/t51.2885-19/378631679_6345779145533806_7510639004957482475_n.jpg?stp=dst-jpg_e0_s150x150&_nc_ht=scontent-atl3-1.cdninstagram.com&_nc_cat=110&_nc_ohc=5LviPdffY94AX9PSA0X&edm=AId3EpQBAAAA&ccb=7-5&oh=00_AfDEqq-yFVHyS58l7wUVjg1p2uXBvThGhaIlzvNOOhsw9g&oe=653004E1&_nc_sid=f5838a', ), profile_pic_url_hd=None, is_private=True, stories=[]))","('created_at_utc', datetime.datetime(2023, 7, 9, 3, 33, 21, tzinfo=datetime.timezone.utc))","('content_type', 'comment')","('status', 'Active')","('has_liked', False)","('like_count', 0)"
36,"('pk', '18030632257533461')","('text', ""@sunita_pancholi_ hello, it's meeee !"")","('user', UserShort(pk='21695163122', username='kmns_0s', full_name='Kamillkins', profile_pic_url=HttpUrl('https://scontent-atl3-2.cdninstagram.com/v/t51.2885-19/356228408_815023656860344_9162073028796338722_n.jpg?stp=dst-jpg_e0_s150x150&_nc_ht=scontent-atl3-2.cdninstagram.com&_nc_cat=104&_nc_ohc=lEU1Oo7lxlMAX-7W51D&edm=AId3EpQBAAAA&ccb=7-5&oh=00_AfDt4zRQRSnF_btX-JzcrfnQn3yXD1WKTWKRGleuC2N0Wg&oe=6531069C&_nc_sid=f5838a', ), profile_pic_url_hd=None, is_private=True, stories=[]))","('created_at_utc', datetime.datetime(2023, 7, 8, 17, 16, 43, tzinfo=datetime.timezone.utc))","('content_type', 'comment')","('status', 'Active')","('has_liked', False)","('like_count', 0)"
37,"('pk', '18295642168119660')","('text', 'Hello guys I am looking for a english practice friend is there anyone who is interested')","('user', UserShort(pk='43707283104', username='sunita_pancholi_', full_name='Sunita Pancholi', profile_pic_url=HttpUrl('https://scontent-atl3-1.cdninstagram.com/v/t51.2885-19/378631679_6345779145533806_7510639004957482475_n.jpg?stp=dst-jpg_e0_s150x150&_nc_ht=scontent-atl3-1.cdninstagram.com&_nc_cat=110&_nc_ohc=5LviPdffY94AX9PSA0X&edm=AId3EpQBAAAA&ccb=7-5&oh=00_AfDEqq-yFVHyS58l7wUVjg1p2uXBvThGhaIlzvNOOhsw9g&oe=653004E1&_nc_sid=f5838a', ), profile_pic_url_hd=None, is_private=True, stories=[]))","('created_at_utc', datetime.datetime(2023, 7, 6, 10, 47, 32, tzinfo=datetime.timezone.utc))","('content_type', 'comment')","('status', 'Active')","('has_liked', False)","('like_count', 0)"
38,"('pk', '17962775123388188')","('text', 'I really like your content in the youtube. Unfortunately there were a lot of mistakes. At least I saw two people corrected your errors. keep the good work.')","('user', UserShort(pk='408758149', username='bboy.skj', full_name='onlyliveone', profile_pic_url=HttpUrl('https://scontent-atl3-1.cdninstagram.com/v/t51.2885-19/387272688_3563017910605174_2987607924600382504_n.jpg?stp=dst-jpg_e0_s150x150&_nc_ht=scontent-atl3-1.cdninstagram.com&_nc_cat=110&_nc_ohc=72Qw38WLt_IAX-yW0Ln&edm=AId3EpQBAAAA&ccb=7-5&oh=00_AfDRA7rzjaKc4vMIgXUULg7t7MrcccPxXDRpc-hlrRYXUw&oe=652FA920&_nc_sid=f5838a', ), profile_pic_url_hd=None, is_private=False, stories=[]))","('created_at_utc', datetime.datetime(2023, 7, 3, 18, 39, 45, tzinfo=datetime.timezone.utc))","('content_type', 'comment')","('status', 'Active')","('has_liked', False)","('like_count', 3)"
39,"('pk', '17942979983655527')","('text', '@kris_gavrilovaaa –Ω–∞–ø–∏—Å–∞–ª–∏ –≤–∞–º üôå')","('user', UserShort(pk='1334087929', username='linguatrip_com', full_name='LinguaTrip.com', profile_pic_url=HttpUrl('https://scontent-atl3-2.cdninstagram.com/v/t51.2885-19/72974417_445282672859426_2794534880757678080_n.jpg?stp=dst-jpg_e0_s150x150&_nc_ht=scontent-atl3-2.cdninstagram.com&_nc_cat=102&_nc_ohc=ZpUjw-CWylMAX9i2YwI&edm=AId3EpQBAAAA&ccb=7-5&oh=00_AfABDDJvOrv3h-mzJqTJlB8Zq2bl7xYx1Xc91jxx4hx19w&oe=652FEE8A&_nc_sid=f5838a', ), profile_pic_url_hd=None, is_private=False, stories=[]))","('created_at_utc', datetime.datetime(2023, 6, 29, 7, 27, 26, tzinfo=datetime.timezone.utc))","('content_type', 'comment')","('status', 'Active')","('has_liked', False)","('like_count', 0)"
40,"('pk', '17986161011167571')","('text', '@kris_gavrilovaaa –Ω–∞–ø–∏—Å–∞–ª–∏ –≤–∞–º üôå')","('user', UserShort(pk='1334087929', username='linguatrip_com', full_name='LinguaTrip.com', profile_pic_url=HttpUrl('https://scontent-atl3-2.cdninstagram.com/v/t51.2885-19/72974417_445282672859426_2794534880757678080_n.jpg?stp=dst-jpg_e0_s150x150&_nc_ht=scontent-atl3-2.cdninstagram.com&_nc_cat=102&_nc_ohc=ZpUjw-CWylMAX9i2YwI&edm=AId3EpQBAAAA&ccb=7-5&oh=00_AfABDDJvOrv3h-mzJqTJlB8Zq2bl7xYx1Xc91jxx4hx19w&oe=652FEE8A&_nc_sid=f5838a', ), profile_pic_url_hd=None, is_private=False, stories=[]))","('created_at_utc', datetime.datetime(2023, 6, 29, 7, 27, 19, tzinfo=datetime.timezone.utc))","('content_type', 'comment')","('status', 'Active')","('has_liked', False)","('like_count', 0)"
41,"('pk', '17939982191666570')","('text', '–ö—É–ø–∏–ª–∞ –ø–æ—Å–æ–±–∏–µ, –Ω–æ –Ω–∏—á–µ–≥–æ –Ω–µ –ø—Ä–∏—à–ª–æ')","('user', UserShort(pk='2072775107', username='kris_gavrilovaaa', full_name='üíµüòª', profile_pic_url=HttpUrl('https://scontent-atl3-1.cdninstagram.com/v/t51.2885-19/185188150_1197409874042228_7901750522289257207_n.jpg?stp=dst-jpg_e0_s150x150&_nc_ht=scontent-atl3-1.cdninstagram.com&_nc_cat=108&_nc_ohc=9uKguprlT20AX8_6k-A&edm=AId3EpQBAAAA&ccb=7-5&oh=00_AfDA2LhNgL26Xlgd8rDqjb2f5KPOib619uZe-eefXaeFDw&oe=653063AE&_nc_sid=f5838a', ), profile_pic_url_hd=None, is_private=True, stories=[]))","('created_at_utc', datetime.datetime(2023, 6, 29, 0, 35, 48, tzinfo=datetime.timezone.utc))","('content_type', 'comment')","('status', 'Active')","('has_liked', False)","('like_count', 1)"
42,"('pk', '18280929820193547')","('text', '@linguatrip_com –º–Ω–µ —Ç–æ–∂–µ –Ω–∏—á–µ–≥–æ –Ω–µ –ø—Ä–∏—Å–ª–∞–ª–∏')","('user', UserShort(pk='2072775107', username='kris_gavrilovaaa', full_name='üíµüòª', profile_pic_url=HttpUrl('https://scontent-atl3-1.cdninstagram.com/v/t51.2885-19/185188150_1197409874042228_7901750522289257207_n.jpg?stp=dst-jpg_e0_s150x150&_nc_ht=scontent-atl3-1.cdninstagram.com&_nc_cat=108&_nc_ohc=9uKguprlT20AX8_6k-A&edm=AId3EpQBAAAA&ccb=7-5&oh=00_AfDA2LhNgL26Xlgd8rDqjb2f5KPOib619uZe-eefXaeFDw&oe=653063AE&_nc_sid=f5838a', ), profile_pic_url_hd=None, is_private=True, stories=[]))","('created_at_utc', datetime.datetime(2023, 6, 28, 21, 45, 24, tzinfo=datetime.timezone.utc))","('content_type', 'comment')","('status', 'Active')","('has_liked', False)","('like_count', 0)"
43,"('pk', '18032368105518732')","('text', 'Effective and useful')","('user', UserShort(pk='3435569047', username='hussein_english_tutor', full_name='Hussein English Tutor', profile_pic_url=HttpUrl('https://scontent-atl3-1.cdninstagram.com/v/t51.2885-19/387256100_793112212615080_6847537653341990558_n.jpg?stp=dst-jpg_e0_s150x150&_nc_ht=scontent-atl3-1.cdninstagram.com&_nc_cat=100&_nc_ohc=Q1NxU_nZDp8AX_24Re3&edm=AId3EpQBAAAA&ccb=7-5&oh=00_AfA-b_-GTzLa6iragYLkqhIm4dDIYcUQdZjDneOOTr6jtA&oe=6531067E&_nc_sid=f5838a', ), profile_pic_url_hd=None, is_private=False, stories=[]))","('created_at_utc', datetime.datetime(2023, 6, 27, 12, 35, 9, tzinfo=datetime.timezone.utc))","('content_type', 'comment')","('status', 'Active')","('has_liked', False)","('like_count', 1)"
44,"('pk', '18059055169414204')","('text', '@ogsamiee üòÅ')","('user', UserShort(pk='1334087929', username='linguatrip_com', full_name='LinguaTrip.com', profile_pic_url=HttpUrl('https://scontent-atl3-2.cdninstagram.com/v/t51.2885-19/72974417_445282672859426_2794534880757678080_n.jpg?stp=dst-jpg_e0_s150x150&_nc_ht=scontent-atl3-2.cdninstagram.com&_nc_cat=102&_nc_ohc=ZpUjw-CWylMAX9i2YwI&edm=AId3EpQBAAAA&ccb=7-5&oh=00_AfABDDJvOrv3h-mzJqTJlB8Zq2bl7xYx1Xc91jxx4hx19w&oe=652FEE8A&_nc_sid=f5838a', ), profile_pic_url_hd=None, is_private=False, stories=[]))","('created_at_utc', datetime.datetime(2023, 6, 20, 13, 33, tzinfo=datetime.timezone.utc))","('content_type', 'comment')","('status', 'Active')","('has_liked', False)","('like_count', 0)"
45,"('pk', '17905905899719778')","('text', '–ö–æ–º–º–µ–Ω—Ç–µ –≤—Å–µ —Ä—É—Å—Å–∫–∏–µ üòÖüíó')","('user', UserShort(pk='48756433739', username='icyvlone17', full_name='·¥Ñ ú·¥áSS·¥ç·¥Ä…¥*¬∞‚Ä¢', profile_pic_url=HttpUrl('https://scontent-atl3-2.cdninstagram.com/v/t51.2885-19/378042515_2469606616551818_6206482730979153218_n.jpg?stp=dst-jpg_e0_s150x150&_nc_ht=scontent-atl3-2.cdninstagram.com&_nc_cat=102&_nc_ohc=YKSmQU4X7aoAX8n9NkO&edm=AId3EpQBAAAA&ccb=7-5&oh=00_AfBxMstEOuQ_8wX23cOGn26_8XduTTFLttSZ1RMLs5gBqA&oe=6530BD4E&_nc_sid=f5838a', ), profile_pic_url_hd=None, is_private=True, stories=[]))","('created_at_utc', datetime.datetime(2023, 6, 20, 11, 24, 48, tzinfo=datetime.timezone.utc))","('content_type', 'comment')","('status', 'Active')","('has_liked', False)","('like_count', 0)"
46,"('pk', '18005733826809303')","('text', '‚ù§Ô∏èüî•tan bella, me gusta tu acento, pronunciaci√≥n üî•‚ù§Ô∏è')","('user', UserShort(pk='58537342658', username='castilloryhen', full_name='Ryhen CASTILLO', profile_pic_url=HttpUrl('https://scontent-atl3-1.cdninstagram.com/v/t51.2885-19/356415110_944223103476956_5722705599064918999_n.jpg?stp=dst-jpg_e0_s150x150&_nc_ht=scontent-atl3-1.cdninstagram.com&_nc_cat=108&_nc_ohc=-vWZljWltyYAX9F1Ag1&edm=AId3EpQBAAAA&ccb=7-5&oh=00_AfCoVOpcZLKxbPKIVJJ-Vk1K4lCVr_Cnt0UaFBYMVlH84w&oe=6530D46A&_nc_sid=f5838a', ), profile_pic_url_hd=None, is_private=False, stories=[]))","('created_at_utc', datetime.datetime(2023, 6, 16, 20, 59, 43, tzinfo=datetime.timezone.utc))","('content_type', 'comment')","('status', 'Active')","('has_liked', False)","('like_count', 0)"
47,"('pk', '18217618534242471')","('text', '@khomutova –î–æ–±—Ä—ã–π –¥–µ–Ω—å! –ù–∞–ø–∏—Å–∞–ª–∏ –≤–∞–º üôå')","('user', UserShort(pk='1334087929', username='linguatrip_com', full_name='LinguaTrip.com', profile_pic_url=HttpUrl('https://scontent-atl3-2.cdninstagram.com/v/t51.2885-19/72974417_445282672859426_2794534880757678080_n.jpg?stp=dst-jpg_e0_s150x150&_nc_ht=scontent-atl3-2.cdninstagram.com&_nc_cat=102&_nc_ohc=ZpUjw-CWylMAX9i2YwI&edm=AId3EpQBAAAA&ccb=7-5&oh=00_AfABDDJvOrv3h-mzJqTJlB8Zq2bl7xYx1Xc91jxx4hx19w&oe=652FEE8A&_nc_sid=f5838a', ), profile_pic_url_hd=None, is_private=False, stories=[]))","('created_at_utc', datetime.datetime(2023, 6, 10, 9, 48, 51, tzinfo=datetime.timezone.utc))","('content_type', 'comment')","('status', 'Active')","('has_liked', False)","('like_count', 2)"
48,"('pk', '18372197857050374')","('text', '–ö—É–ø–∏–ª–∞ —É –≤–∞—Å –ø–æ—Å–æ–±–∏–µ, 3 –¥–Ω—è –ø—Ä–æ—à–ª–æ, –Ω–∏—á–µ–≥–æ –Ω–µ –ø—Ä–∏—Å–ª–∞–ª–∏ üòïüòï')","('user', UserShort(pk='195510043', username='khomutova', full_name='–§–æ—Ç–æ–≥—Ä–∞—Ñ –¢–±–∏–ª–∏—Å–∏ –ì—Ä—É–∑–∏—è', profile_pic_url=HttpUrl('https://scontent-atl3-2.cdninstagram.com/v/t51.2885-19/20837535_898066247014789_2562331025837391872_a.jpg?stp=dst-jpg_e0_s150x150&_nc_ht=scontent-atl3-2.cdninstagram.com&_nc_cat=101&_nc_ohc=DSu3gEXqP-AAX-ycAil&edm=AId3EpQBAAAA&ccb=7-5&oh=00_AfCY6nxhh5feIQb5Fk7uwAv62XR6TsthiMYh86BuoW-wZw&oe=652FF714&_nc_sid=f5838a', ), profile_pic_url_hd=None, is_private=False, stories=[]))","('created_at_utc', datetime.datetime(2023, 6, 10, 8, 32, 39, tzinfo=datetime.timezone.utc))","('content_type', 'comment')","('status', 'Active')","('has_liked', False)","('like_count', 2)"
49,"('pk', '18063208420400381')","('text', '@s_alisa_n –æ—Ç–≤–µ—Ç–∏–ª–∏ –≤–∞–º –≤ —Ä—É—Å—Å–∫–æ–º –∞–∫–∫–∞—É–Ω—Ç–µ. –ü–æ—Å–æ–±–∏–µ –ø—Ä–∏—à–ª–æ —Å —Ç–µ—Ö–Ω–∏—á–µ—Å–∫–æ–π –∑–∞–¥–µ—Ä–∂–∫–æ–π üòä')","('user', UserShort(pk='1334087929', username='linguatrip_com', full_name='LinguaTrip.com', profile_pic_url=HttpUrl('https://scontent-atl3-2.cdninstagram.com/v/t51.2885-19/72974417_445282672859426_2794534880757678080_n.jpg?stp=dst-jpg_e0_s150x150&_nc_ht=scontent-atl3-2.cdninstagram.com&_nc_cat=102&_nc_ohc=ZpUjw-CWylMAX9i2YwI&edm=AId3EpQBAAAA&ccb=7-5&oh=00_AfABDDJvOrv3h-mzJqTJlB8Zq2bl7xYx1Xc91jxx4hx19w&oe=652FEE8A&_nc_sid=f5838a', ), profile_pic_url_hd=None, is_private=False, stories=[]))","('created_at_utc', datetime.datetime(2023, 6, 7, 7, 44, 44, tzinfo=datetime.timezone.utc))","('content_type', 'comment')","('status', 'Active')","('has_liked', False)","('like_count', 1)"
50,"('pk', '17996424361913544')","('text', '@s_alisa_n –æ—Ç–≤–µ—Ç–∏–ª–∏ –≤–∞–º –≤ —Ä—É—Å—Å–∫–æ–º –∞–∫–∫–∞—É–Ω—Ç–µ. –ü–æ—Å–æ–±–∏–µ –ø—Ä–∏—à–ª–æ —Å —Ç–µ—Ö–Ω–∏—á–µ—Å–∫–æ–π –∑–∞–¥–µ—Ä–∂–∫–æ–π üòä')","('user', UserShort(pk='1334087929', username='linguatrip_com', full_name='LinguaTrip.com', profile_pic_url=HttpUrl('https://scontent-atl3-2.cdninstagram.com/v/t51.2885-19/72974417_445282672859426_2794534880757678080_n.jpg?stp=dst-jpg_e0_s150x150&_nc_ht=scontent-atl3-2.cdninstagram.com&_nc_cat=102&_nc_ohc=ZpUjw-CWylMAX9i2YwI&edm=AId3EpQBAAAA&ccb=7-5&oh=00_AfABDDJvOrv3h-mzJqTJlB8Zq2bl7xYx1Xc91jxx4hx19w&oe=652FEE8A&_nc_sid=f5838a', ), profile_pic_url_hd=None, is_private=False, stories=[]))","('created_at_utc', datetime.datetime(2023, 6, 7, 7, 43, 58, tzinfo=datetime.timezone.utc))","('content_type', 'comment')","('status', 'Active')","('has_liked', False)","('like_count', 0)"
51,"('pk', '17933708618596500')","('text', '–ö—É–ø–∏–ª–∞ —É –≤–∞—Å –ø–æ—Å–æ–±–∏–µ –¥–ª—è —É—Ä–æ–≤–Ω—è intermediate, –Ω–æ –º–Ω–µ –Ω–∏—á–µ–≥–æ –Ω–µ –ø—Ä–∏—Å–ª–∞–ª–∏!!!')","('user', UserShort(pk='4540516439', username='s_alisa_n', full_name='Alisa S.', profile_pic_url=HttpUrl('https://scontent-atl3-2.cdninstagram.com/v/t51.2885-19/41138828_255538121815636_5500780304949837824_n.jpg?stp=dst-jpg_e0_s150x150&_nc_ht=scontent-atl3-2.cdninstagram.com&_nc_cat=104&_nc_ohc=0Vvml6-K3_sAX-yFN-D&edm=AId3EpQBAAAA&ccb=7-5&oh=00_AfA7O10-3FjlUzrN_abE768UPsYaWTHxx5Tfu4vS8HkqVQ&oe=653068A5&_nc_sid=f5838a', ), profile_pic_url_hd=None, is_private=True, stories=[]))","('created_at_utc', datetime.datetime(2023, 6, 7, 5, 40, 4, tzinfo=datetime.timezone.utc))","('content_type', 'comment')","('status', 'Active')","('has_liked', False)","('like_count', 2)"
52,"('pk', '17965401809302308')","('text', '@pilivargaszarat Please, check your DM üôå')","('user', UserShort(pk='1334087929', username='linguatrip_com', full_name='LinguaTrip.com', profile_pic_url=HttpUrl('https://scontent-atl3-2.cdninstagram.com/v/t51.2885-19/72974417_445282672859426_2794534880757678080_n.jpg?stp=dst-jpg_e0_s150x150&_nc_ht=scontent-atl3-2.cdninstagram.com&_nc_cat=102&_nc_ohc=ZpUjw-CWylMAX9i2YwI&edm=AId3EpQBAAAA&ccb=7-5&oh=00_AfABDDJvOrv3h-mzJqTJlB8Zq2bl7xYx1Xc91jxx4hx19w&oe=652FEE8A&_nc_sid=f5838a', ), profile_pic_url_hd=None, is_private=False, stories=[]))","('created_at_utc', datetime.datetime(2023, 5, 24, 7, 29, 32, tzinfo=datetime.timezone.utc))","('content_type', 'comment')","('status', 'Active')","('has_liked', False)","('like_count', 0)"
53,"('pk', '18211543567243827')","('text', '@m4rphy._ we will send you the book üôè')","('user', UserShort(pk='1334087929', username='linguatrip_com', full_name='LinguaTrip.com', profile_pic_url=HttpUrl('https://scontent-atl3-2.cdninstagram.com/v/t51.2885-19/72974417_445282672859426_2794534880757678080_n.jpg?stp=dst-jpg_e0_s150x150&_nc_ht=scontent-atl3-2.cdninstagram.com&_nc_cat=102&_nc_ohc=ZpUjw-CWylMAX9i2YwI&edm=AId3EpQBAAAA&ccb=7-5&oh=00_AfABDDJvOrv3h-mzJqTJlB8Zq2bl7xYx1Xc91jxx4hx19w&oe=652FEE8A&_nc_sid=f5838a', ), profile_pic_url_hd=None, is_private=False, stories=[]))","('created_at_utc', datetime.datetime(2023, 5, 21, 20, 28, 2, tzinfo=datetime.timezone.utc))","('content_type', 'comment')","('status', 'Active')","('has_liked', False)","('like_count', 0)"
54,"('pk', '17891342612817888')","('text', '@linguatrip_com I am still waiting for the book')","('user', UserShort(pk='16941839883', username='m4rphy._', full_name='~muradhanli‚ú®', profile_pic_url=HttpUrl('https://scontent-atl3-1.cdninstagram.com/v/t51.2885-19/369187464_1628348334329724_1937406295792881339_n.jpg?stp=dst-jpg_e0_s150x150&_nc_ht=scontent-atl3-1.cdninstagram.com&_nc_cat=100&_nc_ohc=pzoLa2FMRBAAX_4NRsu&edm=AId3EpQBAAAA&ccb=7-5&oh=00_AfC-bThYdhx6VfAyF4eCw8b1zqxq0H5j-WNEcclVw126AA&oe=652FC59B&_nc_sid=f5838a', ), profile_pic_url_hd=None, is_private=True, stories=[]))","('created_at_utc', datetime.datetime(2023, 5, 21, 16, 28, 27, tzinfo=datetime.timezone.utc))","('content_type', 'comment')","('status', 'Active')","('has_liked', False)","('like_count', 0)"
55,"('pk', '17949284507499218')","('text', '@m4rphy._ Hello! We wrote you üôå')","('user', UserShort(pk='1334087929', username='linguatrip_com', full_name='LinguaTrip.com', profile_pic_url=HttpUrl('https://scontent-atl3-2.cdninstagram.com/v/t51.2885-19/72974417_445282672859426_2794534880757678080_n.jpg?stp=dst-jpg_e0_s150x150&_nc_ht=scontent-atl3-2.cdninstagram.com&_nc_cat=102&_nc_ohc=ZpUjw-CWylMAX9i2YwI&edm=AId3EpQBAAAA&ccb=7-5&oh=00_AfABDDJvOrv3h-mzJqTJlB8Zq2bl7xYx1Xc91jxx4hx19w&oe=652FEE8A&_nc_sid=f5838a', ), profile_pic_url_hd=None, is_private=False, stories=[]))","('created_at_utc', datetime.datetime(2023, 5, 21, 10, 6, 44, tzinfo=datetime.timezone.utc))","('content_type', 'comment')","('status', 'Active')","('has_liked', False)","('like_count', 0)"
56,"('pk', '17863214174939372')","('text', 'Hello, I paid the book, but I haven‚Äôt gotten it yet, please inform me')","('user', UserShort(pk='16941839883', username='m4rphy._', full_name='~muradhanli‚ú®', profile_pic_url=HttpUrl('https://scontent-atl3-1.cdninstagram.com/v/t51.2885-19/369187464_1628348334329724_1937406295792881339_n.jpg?stp=dst-jpg_e0_s150x150&_nc_ht=scontent-atl3-1.cdninstagram.com&_nc_cat=100&_nc_ohc=pzoLa2FMRBAAX_4NRsu&edm=AId3EpQBAAAA&ccb=7-5&oh=00_AfC-bThYdhx6VfAyF4eCw8b1zqxq0H5j-WNEcclVw126AA&oe=652FC59B&_nc_sid=f5838a', ), profile_pic_url_hd=None, is_private=True, stories=[]))","('created_at_utc', datetime.datetime(2023, 5, 20, 18, 6, 23, tzinfo=datetime.timezone.utc))","('content_type', 'comment')","('status', 'Active')","('has_liked', False)","('like_count', 1)"
57,"('pk', '18057593881407242')","('text', '@irlan.souza Hello! Please, check your DM üôè')","('user', UserShort(pk='1334087929', username='linguatrip_com', full_name='LinguaTrip.com', profile_pic_url=HttpUrl('https://scontent-atl3-2.cdninstagram.com/v/t51.2885-19/72974417_445282672859426_2794534880757678080_n.jpg?stp=dst-jpg_e0_s150x150&_nc_ht=scontent-atl3-2.cdninstagram.com&_nc_cat=102&_nc_ohc=ZpUjw-CWylMAX9i2YwI&edm=AId3EpQBAAAA&ccb=7-5&oh=00_AfABDDJvOrv3h-mzJqTJlB8Zq2bl7xYx1Xc91jxx4hx19w&oe=652FEE8A&_nc_sid=f5838a', ), profile_pic_url_hd=None, is_private=False, stories=[]))","('created_at_utc', datetime.datetime(2023, 5, 20, 10, 23, 42, tzinfo=datetime.timezone.utc))","('content_type', 'comment')","('status', 'Active')","('has_liked', False)","('like_count', 1)"
58,"('pk', '17862958856901452')","('text', 'Hello! I paid for the ‚Äúworkbook‚Äù but didn‚ÄôT get it. Cold you, help me, please?')","('user', UserShort(pk='1419771971', username='irlan.souza', full_name='Irlan Souza üßø', profile_pic_url=HttpUrl('https://scontent-atl3-1.cdninstagram.com/v/t51.2885-19/345874300_220456967371443_7821113638804862549_n.jpg?stp=dst-jpg_e0_s150x150&_nc_ht=scontent-atl3-1.cdninstagram.com&_nc_cat=103&_nc_ohc=KksY1-vuL0oAX-Dm4el&edm=AId3EpQBAAAA&ccb=7-5&oh=00_AfBZ4qPBtAzTAFG5g3DXfigXcyXqFuoHFE2gjLlKcmXQ1A&oe=652FFCE1&_nc_sid=f5838a', ), profile_pic_url_hd=None, is_private=True, stories=[]))","('created_at_utc', datetime.datetime(2023, 5, 20, 0, 43, 38, tzinfo=datetime.timezone.utc))","('content_type', 'comment')","('status', 'Active')","('has_liked', False)","('like_count', 0)"
59,"('pk', '17965663130280392')","('text', '@letty_franco check your direct üôè')","('user', UserShort(pk='1334087929', username='linguatrip_com', full_name='LinguaTrip.com', profile_pic_url=HttpUrl('https://scontent-atl3-2.cdninstagram.com/v/t51.2885-19/72974417_445282672859426_2794534880757678080_n.jpg?stp=dst-jpg_e0_s150x150&_nc_ht=scontent-atl3-2.cdninstagram.com&_nc_cat=102&_nc_ohc=ZpUjw-CWylMAX9i2YwI&edm=AId3EpQBAAAA&ccb=7-5&oh=00_AfABDDJvOrv3h-mzJqTJlB8Zq2bl7xYx1Xc91jxx4hx19w&oe=652FEE8A&_nc_sid=f5838a', ), profile_pic_url_hd=None, is_private=False, stories=[]))","('created_at_utc', datetime.datetime(2023, 5, 18, 13, 24, 56, tzinfo=datetime.timezone.utc))","('content_type', 'comment')","('status', 'Active')","('has_liked', False)","('like_count', 1)"
60,"('pk', '18025115812521420')","('text', 'I paid for the handbook but didn‚Äôt get it! Could you help me, please?')","('user', UserShort(pk='2997927156', username='letty_franco', full_name='Leticia Franco', profile_pic_url=HttpUrl('https://scontent-atl3-1.cdninstagram.com/v/t51.2885-19/31236202_949597215213300_8331175482569523200_n.jpg?stp=dst-jpg_e0_s150x150&_nc_ht=scontent-atl3-1.cdninstagram.com&_nc_cat=100&_nc_ohc=6kv0P5sv0yYAX_8Lav-&edm=AId3EpQBAAAA&ccb=7-5&oh=00_AfDdSrNLJfhcpbUfYVLPMWlnC-STl9dF3B0GZUBnr4JwoQ&oe=65310519&_nc_sid=f5838a', ), profile_pic_url_hd=None, is_private=False, stories=[]))","('created_at_utc', datetime.datetime(2023, 5, 18, 13, 19, 47, tzinfo=datetime.timezone.utc))","('content_type', 'comment')","('status', 'Active')","('has_liked', False)","('like_count', 0)"
61,"('pk', '18017681161570779')","('text', '@mohmed_elramy üëèüëè')","('user', UserShort(pk='1334087929', username='linguatrip_com', full_name='LinguaTrip.com', profile_pic_url=HttpUrl('https://scontent-atl3-2.cdninstagram.com/v/t51.2885-19/72974417_445282672859426_2794534880757678080_n.jpg?stp=dst-jpg_e0_s150x150&_nc_ht=scontent-atl3-2.cdninstagram.com&_nc_cat=102&_nc_ohc=ZpUjw-CWylMAX9i2YwI&edm=AId3EpQBAAAA&ccb=7-5&oh=00_AfABDDJvOrv3h-mzJqTJlB8Zq2bl7xYx1Xc91jxx4hx19w&oe=652FEE8A&_nc_sid=f5838a', ), profile_pic_url_hd=None, is_private=False, stories=[]))","('created_at_utc', datetime.datetime(2023, 5, 13, 6, 23, 47, tzinfo=datetime.timezone.utc))","('content_type', 'comment')","('status', 'Active')","('has_liked', False)","('like_count', 0)"
62,"('pk', '17966273609410605')","('text', ""I haven't been to an event before. I often eat at home because I prefer healthy food as much as possible. My dream job is to build my own firm. I have a hunger for knowledge. It's important to learn English because it's a key to opening doors to different cultures and knowledge."")","('user', UserShort(pk='59396271341', username='mohmed_elramy', full_name='Mohmed elramy', profile_pic_url=HttpUrl('https://scontent-atl3-1.cdninstagram.com/v/t51.2885-19/345534604_254951287066893_5978851462475355597_n.jpg?stp=dst-jpg_e0_s150x150&_nc_ht=scontent-atl3-1.cdninstagram.com&_nc_cat=109&_nc_ohc=DsAL2i9RaaoAX9mlP_r&edm=AId3EpQBAAAA&ccb=7-5&oh=00_AfAFsRncGEO4Nb9vKKys-eKXBdp4T3jwqGfmijsNFU1qqw&oe=65309BF7&_nc_sid=f5838a', ), profile_pic_url_hd=None, is_private=False, stories=[]))","('created_at_utc', datetime.datetime(2023, 5, 12, 21, 58, 59, tzinfo=datetime.timezone.utc))","('content_type', 'comment')","('status', 'Active')","('has_liked', False)","('like_count', 1)"
63,"('pk', '17998886116836869')","('text', 'This sounds for mir like a1-a2‚Ä¶‚Ä¶')","('user', UserShort(pk='47412095119', username='marysoul7', full_name='', profile_pic_url=HttpUrl('https://scontent-atl3-1.cdninstagram.com/v/t51.2885-19/179890348_488909515792527_3738878960771172486_n.jpg?stp=dst-jpg_e0_s150x150&_nc_ht=scontent-atl3-1.cdninstagram.com&_nc_cat=103&_nc_ohc=2r3bf6bKeGoAX_EBu9R&edm=AId3EpQBAAAA&ccb=7-5&oh=00_AfDp0WM8fmcJU3RP5Z4BDsHHa-DAOpEnN6mzPvdtW1MOsg&oe=653134E0&_nc_sid=f5838a', ), profile_pic_url_hd=None, is_private=True, stories=[]))","('created_at_utc', datetime.datetime(2023, 5, 12, 8, 56, 51, tzinfo=datetime.timezone.utc))","('content_type', 'comment')","('status', 'Active')","('has_liked', False)","('like_count', 0)"
64,"('pk', '18022640638492702')","('text', '@ttayfuncobanoglu wow üî•')","('user', UserShort(pk='1334087929', username='linguatrip_com', full_name='LinguaTrip.com', profile_pic_url=HttpUrl('https://scontent-atl3-2.cdninstagram.com/v/t51.2885-19/72974417_445282672859426_2794534880757678080_n.jpg?stp=dst-jpg_e0_s150x150&_nc_ht=scontent-atl3-2.cdninstagram.com&_nc_cat=102&_nc_ohc=ZpUjw-CWylMAX9i2YwI&edm=AId3EpQBAAAA&ccb=7-5&oh=00_AfABDDJvOrv3h-mzJqTJlB8Zq2bl7xYx1Xc91jxx4hx19w&oe=652FEE8A&_nc_sid=f5838a', ), profile_pic_url_hd=None, is_private=False, stories=[]))","('created_at_utc', datetime.datetime(2023, 5, 12, 7, 46, 10, tzinfo=datetime.timezone.utc))","('content_type', 'comment')","('status', 'Active')","('has_liked', False)","('like_count', 0)"
65,"('pk', '17988300781877925')","('text', 'My best event is a concert. Two years ago PostModernJukebox was in ƒ∞zmir and i visited it was great i like the vintage. The second question is changeable cause i am living T√ºrkiye and there are foods are quitly expensive for the domestic nationals. But i prefer eat my dinner in a restaurant with my friends. My dream is Stock value manager of a bank. Learning English is very really important and we have a special sentence about it ‚Äú 1 language 1 human 2 languages, 2 humans‚Äù also you can find a job easily and can talk with plenty of people')","('user', UserShort(pk='6092104276', username='ttayfuncobanoglu', full_name='Tayfun √áobanoƒülu', profile_pic_url=HttpUrl('https://scontent-atl3-2.cdninstagram.com/v/t51.2885-19/336979095_171895085272523_6005020591800023050_n.jpg?stp=dst-jpg_e0_s150x150&_nc_ht=scontent-atl3-2.cdninstagram.com&_nc_cat=111&_nc_ohc=kLWwkZSC60sAX96y5df&edm=AId3EpQBAAAA&ccb=7-5&oh=00_AfB0Q4owQD2JmyUKCVfba5F8NtVLtmaRGRBROQbWRTiP4A&oe=652F8DBA&_nc_sid=f5838a', ), profile_pic_url_hd=None, is_private=False, stories=[]))","('created_at_utc', datetime.datetime(2023, 5, 11, 20, 8, 56, tzinfo=datetime.timezone.utc))","('content_type', 'comment')","('status', 'Active')","('has_liked', False)","('like_count', 0)"
66,"('pk', '18333820141072956')","('text', '@madm.ax3043 üî•üôå')","('user', UserShort(pk='1334087929', username='linguatrip_com', full_name='LinguaTrip.com', profile_pic_url=HttpUrl('https://scontent-atl3-2.cdninstagram.com/v/t51.2885-19/72974417_445282672859426_2794534880757678080_n.jpg?stp=dst-jpg_e0_s150x150&_nc_ht=scontent-atl3-2.cdninstagram.com&_nc_cat=102&_nc_ohc=ZpUjw-CWylMAX9i2YwI&edm=AId3EpQBAAAA&ccb=7-5&oh=00_AfABDDJvOrv3h-mzJqTJlB8Zq2bl7xYx1Xc91jxx4hx19w&oe=652FEE8A&_nc_sid=f5838a', ), profile_pic_url_hd=None, is_private=False, stories=[]))","('created_at_utc', datetime.datetime(2023, 5, 10, 9, 30, 4, tzinfo=datetime.timezone.utc))","('content_type', 'comment')","('status', 'Active')","('has_liked', False)","('like_count', 1)"
67,"('pk', '17980701353156090')","('text', ""My best visit I don't know, I prefer eating at home, my dream job I swore I wouldn't tell anyone until it happened and english is important for me 'cause in a couple years I will be living / I will live in the US ! @linguatrip_com"")","('user', UserShort(pk='57465373741', username='lil_king_2319', full_name='Joachim Lokossa', profile_pic_url=HttpUrl('https://scontent-atl3-1.cdninstagram.com/v/t51.2885-19/382464570_340206325117363_1591380348108128097_n.jpg?stp=dst-jpg_e0_s150x150&_nc_ht=scontent-atl3-1.cdninstagram.com&_nc_cat=107&_nc_ohc=i7Jd2S9eL3EAX_AWql8&edm=AId3EpQBAAAA&ccb=7-5&oh=00_AfBq65aT9u6u3YvmCMWhbCRBByGf0WWFNzrIxGOfLTnDtw&oe=652FE9EA&_nc_sid=f5838a', ), profile_pic_url_hd=None, is_private=True, stories=[]))","('created_at_utc', datetime.datetime(2023, 5, 10, 9, 20, 36, tzinfo=datetime.timezone.utc))","('content_type', 'comment')","('status', 'Active')","('has_liked', False)","('like_count', 1)"
68,"('pk', '17979503768315366')","('text', '@alliyah_tashenova ‚ù§Ô∏èüôå')","('user', UserShort(pk='1334087929', username='linguatrip_com', full_name='LinguaTrip.com', profile_pic_url=HttpUrl('https://scontent-atl3-2.cdninstagram.com/v/t51.2885-19/72974417_445282672859426_2794534880757678080_n.jpg?stp=dst-jpg_e0_s150x150&_nc_ht=scontent-atl3-2.cdninstagram.com&_nc_cat=102&_nc_ohc=ZpUjw-CWylMAX9i2YwI&edm=AId3EpQBAAAA&ccb=7-5&oh=00_AfABDDJvOrv3h-mzJqTJlB8Zq2bl7xYx1Xc91jxx4hx19w&oe=652FEE8A&_nc_sid=f5838a', ), profile_pic_url_hd=None, is_private=False, stories=[]))","('created_at_utc', datetime.datetime(2023, 5, 3, 7, 16, 34, tzinfo=datetime.timezone.utc))","('content_type', 'comment')","('status', 'Active')","('has_liked', False)","('like_count', 0)"
69,"('pk', '18002764063692806')","('text', '@linguatrip_com I am facing similar issue, please check your dm')","('user', UserShort(pk='3686638136', username='sameer_rc', full_name='Sameer', profile_pic_url=HttpUrl('https://scontent-atl3-1.cdninstagram.com/v/t51.2885-19/108487494_1344600955931275_2352201350991912343_n.jpg?stp=dst-jpg_e0_s150x150&_nc_ht=scontent-atl3-1.cdninstagram.com&_nc_cat=107&_nc_ohc=WMvYS3o_GpUAX8SrQEN&edm=AId3EpQBAAAA&ccb=7-5&oh=00_AfAhunBm_G5rGi5BcoHvQPDeDkt8Pat6l2JEKLn-DHaRGg&oe=652F76CE&_nc_sid=f5838a', ), profile_pic_url_hd=None, is_private=True, stories=[]))","('created_at_utc', datetime.datetime(2023, 5, 3, 5, 45, 22, tzinfo=datetime.timezone.utc))","('content_type', 'comment')","('status', 'Active')","('has_liked', False)","('like_count', 0)"
70,"('pk', '17973724685100369')","('text', 'Hey there! I‚Äôve finally got it. Keep DMing. There‚Äôre some technical issues, but they‚Äôll send you the handbook')","('user', UserShort(pk='8102041350', username='alliyah_tashenova', full_name='–ê–ª–∏—è –¢–∞—à–µ–Ω–æ–≤–∞', profile_pic_url=HttpUrl('https://scontent-atl3-1.cdninstagram.com/v/t51.2885-19/357137891_1746119942487630_7140608667502169783_n.jpg?stp=dst-jpg_e0_s150x150&_nc_ht=scontent-atl3-1.cdninstagram.com&_nc_cat=106&_nc_ohc=AYk2pZrtjG4AX8M4EL4&edm=AId3EpQBAAAA&ccb=7-5&oh=00_AfDq7T43qzmdRaCliNd_E3oAidQ_p_GxMuk-bT30Mo3_bA&oe=6530EAC6&_nc_sid=f5838a', ), profile_pic_url_hd=None, is_private=False, stories=[]))","('created_at_utc', datetime.datetime(2023, 5, 3, 4, 41, 14, tzinfo=datetime.timezone.utc))","('content_type', 'comment')","('status', 'Active')","('has_liked', False)","('like_count', 1)"
71,"('pk', '17978205878181168')","('text', '@alliyah_tashenova even I have paid the money, I did not receive any book from them yet. Did you get the books?')","('user', UserShort(pk='3686638136', username='sameer_rc', full_name='Sameer', profile_pic_url=HttpUrl('https://scontent-atl3-1.cdninstagram.com/v/t51.2885-19/108487494_1344600955931275_2352201350991912343_n.jpg?stp=dst-jpg_e0_s150x150&_nc_ht=scontent-atl3-1.cdninstagram.com&_nc_cat=107&_nc_ohc=WMvYS3o_GpUAX8SrQEN&edm=AId3EpQBAAAA&ccb=7-5&oh=00_AfAhunBm_G5rGi5BcoHvQPDeDkt8Pat6l2JEKLn-DHaRGg&oe=652F76CE&_nc_sid=f5838a', ), profile_pic_url_hd=None, is_private=True, stories=[]))","('created_at_utc', datetime.datetime(2023, 5, 3, 3, 59, 41, tzinfo=datetime.timezone.utc))","('content_type', 'comment')","('status', 'Active')","('has_liked', False)","('like_count', 0)"
72,"('pk', '17918512142711737')","('text', '@alliyah_tashenova please, check your direct ‚ù§Ô∏èüôå')","('user', UserShort(pk='1334087929', username='linguatrip_com', full_name='LinguaTrip.com', profile_pic_url=HttpUrl('https://scontent-atl3-2.cdninstagram.com/v/t51.2885-19/72974417_445282672859426_2794534880757678080_n.jpg?stp=dst-jpg_e0_s150x150&_nc_ht=scontent-atl3-2.cdninstagram.com&_nc_cat=102&_nc_ohc=ZpUjw-CWylMAX9i2YwI&edm=AId3EpQBAAAA&ccb=7-5&oh=00_AfABDDJvOrv3h-mzJqTJlB8Zq2bl7xYx1Xc91jxx4hx19w&oe=652FEE8A&_nc_sid=f5838a', ), profile_pic_url_hd=None, is_private=False, stories=[]))","('created_at_utc', datetime.datetime(2023, 4, 30, 10, 43, 2, tzinfo=datetime.timezone.utc))","('content_type', 'comment')","('status', 'Active')","('has_liked', False)","('like_count', 0)"
73,"('pk', '17987514703973006')","('text', 'Please check your DM. I paid for your grammar handbook but I didn‚Äôt get it')","('user', UserShort(pk='8102041350', username='alliyah_tashenova', full_name='–ê–ª–∏—è –¢–∞—à–µ–Ω–æ–≤–∞', profile_pic_url=HttpUrl('https://scontent-atl3-1.cdninstagram.com/v/t51.2885-19/357137891_1746119942487630_7140608667502169783_n.jpg?stp=dst-jpg_e0_s150x150&_nc_ht=scontent-atl3-1.cdninstagram.com&_nc_cat=106&_nc_ohc=AYk2pZrtjG4AX8M4EL4&edm=AId3EpQBAAAA&ccb=7-5&oh=00_AfDq7T43qzmdRaCliNd_E3oAidQ_p_GxMuk-bT30Mo3_bA&oe=6530EAC6&_nc_sid=f5838a', ), profile_pic_url_hd=None, is_private=False, stories=[]))","('created_at_utc', datetime.datetime(2023, 4, 30, 7, 51, 33, tzinfo=datetime.timezone.utc))","('content_type', 'comment')","('status', 'Active')","('has_liked', False)","('like_count', 0)"
74,"('pk', '18013373725594129')","('text', '@lorelli_pharma –Ω–∞–ø–∏—Å–∞–ª–∏ –≤–∞–º‚ù§Ô∏è')","('user', UserShort(pk='1334087929', username='linguatrip_com', full_name='LinguaTrip.com', profile_pic_url=HttpUrl('https://scontent-atl3-2.cdninstagram.com/v/t51.2885-19/72974417_445282672859426_2794534880757678080_n.jpg?stp=dst-jpg_e0_s150x150&_nc_ht=scontent-atl3-2.cdninstagram.com&_nc_cat=102&_nc_ohc=ZpUjw-CWylMAX9i2YwI&edm=AId3EpQBAAAA&ccb=7-5&oh=00_AfABDDJvOrv3h-mzJqTJlB8Zq2bl7xYx1Xc91jxx4hx19w&oe=652FEE8A&_nc_sid=f5838a', ), profile_pic_url_hd=None, is_private=False, stories=[]))","('created_at_utc', datetime.datetime(2023, 4, 20, 7, 54, 10, tzinfo=datetime.timezone.utc))","('content_type', 'comment')","('status', 'Active')","('has_liked', False)","('like_count', 0)"
75,"('pk', '17872268222835155')","('text', '@linguatrip_com –∞–Ω–∞–ª–æ–≥–∏—á–Ω–∞—è —Å–∏—Ç—É–∞—Ü–∏—è. –ß–µ–∫ –ø—Ä–∏—à—ë–ª, –∞ –ø–æ—Å–æ–±–∏–µ - –Ω–µ—Ç.')","('user', UserShort(pk='31692625539', username='lorelli_pharma', full_name='–í–ò–¢–ê–ú–ò–ù–´ –° iherb ‚Ä¢–¢–£–†–ï–¶–ö–ò–ï –ë–ê–î—ã‚Ä¢', profile_pic_url=HttpUrl('https://scontent-atl3-1.cdninstagram.com/v/t51.2885-19/307977698_828014971886948_8521321219057955466_n.jpg?stp=dst-jpg_e0_s150x150&_nc_ht=scontent-atl3-1.cdninstagram.com&_nc_cat=108&_nc_ohc=l_Tdg2365fcAX86_Wxa&edm=AId3EpQBAAAA&ccb=7-5&oh=00_AfA9X4nJGyukU94xGyzAMhQNolybazNOA-EaTYUINvy00w&oe=652F9461&_nc_sid=f5838a', ), profile_pic_url_hd=None, is_private=False, stories=[]))","('created_at_utc', datetime.datetime(2023, 4, 19, 20, 38, 21, tzinfo=datetime.timezone.utc))","('content_type', 'comment')","('status', 'Active')","('has_liked', False)","('like_count', 0)"
76,"('pk', '17965772975370014')","('text', '@zhekado –Ω–µ –æ–±–º–∞–Ωüôè –∫ —Å–æ–∂–∞–ª–µ–Ω–∏—é, –ø—Ä–æ–∏–∑–æ—à–µ–ª —Å–±–æ–π. –ú—ã –≤–∞–º –æ—Ç–ø—Ä–∞–≤–∏–º –ø–æ—Å–æ–±–∏–µ‚ù§Ô∏è')","('user', UserShort(pk='1334087929', username='linguatrip_com', full_name='LinguaTrip.com', profile_pic_url=HttpUrl('https://scontent-atl3-2.cdninstagram.com/v/t51.2885-19/72974417_445282672859426_2794534880757678080_n.jpg?stp=dst-jpg_e0_s150x150&_nc_ht=scontent-atl3-2.cdninstagram.com&_nc_cat=102&_nc_ohc=ZpUjw-CWylMAX9i2YwI&edm=AId3EpQBAAAA&ccb=7-5&oh=00_AfABDDJvOrv3h-mzJqTJlB8Zq2bl7xYx1Xc91jxx4hx19w&oe=652FEE8A&_nc_sid=f5838a', ), profile_pic_url_hd=None, is_private=False, stories=[]))","('created_at_utc', datetime.datetime(2023, 4, 14, 7, 6, 16, tzinfo=datetime.timezone.utc))","('content_type', 'comment')","('status', 'Active')","('has_liked', False)","('like_count', 0)"
77,"('pk', '17978094082982493')","('text', '@linguatrip_com –æ–ø–ª–∞—Ç–∏–ª–∞ –ø–æ—Å–æ–±–∏–µ, –∞ –Ω–∞ –ø–æ—á—Ç—É –Ω–∏—á–µ–≥–æ –Ω–µ –ø—Ä–∏—à–ª–æ! –ù–∞–ø–∏—Å–∞–ª–∞ - –º–æ–ª—á–∞—Ç. –û–±–º–∞–Ω?')","('user', UserShort(pk='43109775', username='zhekado', full_name='–ï–≤–≥–µ–Ω–∏—è –î–æ–±—Ä–æ–ª—é–±–æ–≤–∞', profile_pic_url=HttpUrl('https://scontent-atl3-2.cdninstagram.com/v/t51.2885-19/323357859_453762533633597_7557052564860326646_n.jpg?stp=dst-jpg_e0_s150x150&_nc_ht=scontent-atl3-2.cdninstagram.com&_nc_cat=105&_nc_ohc=dU65ce-EY7wAX_uaB2j&edm=AId3EpQBAAAA&ccb=7-5&oh=00_AfDk8vDPKHJfEP4Gyf8xBijFC4uk2DY8v5HqFIdkn07l0A&oe=652FC74E&_nc_sid=f5838a', ), profile_pic_url_hd=None, is_private=True, stories=[]))","('created_at_utc', datetime.datetime(2023, 4, 14, 0, 50, 39, tzinfo=datetime.timezone.utc))","('content_type', 'comment')","('status', 'Active')","('has_liked', False)","('like_count', 0)"
78,"('pk', '17968675637470303')","('text', 'Visit my informative page üòç @learn.english.reyhane')","('user', UserShort(pk='58216639551', username='learn.english.reyhane', full_name='', profile_pic_url=HttpUrl('https://scontent-atl3-1.cdninstagram.com/v/t51.2885-19/367417643_1530868774118374_4602360239217202021_n.jpg?stp=dst-jpg_e0_s150x150&_nc_ht=scontent-atl3-1.cdninstagram.com&_nc_cat=110&_nc_ohc=6n10g_uHaBYAX9dHpC5&edm=AId3EpQBAAAA&ccb=7-5&oh=00_AfCCQwne6dqBUH4i-iro-YbRMksOS-81tmsf0D_NwIwLhw&oe=6530A5B8&_nc_sid=f5838a', ), profile_pic_url_hd=None, is_private=True, stories=[]))","('created_at_utc', datetime.datetime(2023, 4, 8, 18, 30, 43, tzinfo=datetime.timezone.utc))","('content_type', 'comment')","('status', 'Active')","('has_liked', False)","('like_count', 1)"
79,"('pk', '17950403405580265')","('text', ""Yup. I have a question what to do after 10th I'm just passed 10 and i am confused what to do? My dream is i go to foreign like Canada so what is bast for me? Science, com ya ats please tell me... And answer me.."")","('user', UserShort(pk='45858048808', username='iamgujjud', full_name='·é†·¥ÄÍú± ú·¥ú', profile_pic_url=HttpUrl('https://scontent-atl3-2.cdninstagram.com/v/t51.2885-19/371472646_1371934353420035_6254624669343369161_n.jpg?stp=dst-jpg_e0_s150x150&_nc_ht=scontent-atl3-2.cdninstagram.com&_nc_cat=111&_nc_ohc=DuOpfxMDcTIAX9NiP32&edm=AId3EpQBAAAA&ccb=7-5&oh=00_AfB2-qoT0MU7z6kmAtbiAlWUmixGAIoAsK2n2V4Wi4j3Vw&oe=6530E947&_nc_sid=f5838a', ), profile_pic_url_hd=None, is_private=False, stories=[]))","('created_at_utc', datetime.datetime(2023, 4, 5, 6, 22, 14, tzinfo=datetime.timezone.utc))","('content_type', 'comment')","('status', 'Active')","('has_liked', False)","('like_count', 1)"
80,"('pk', '17938335674488847')","('text', '@saifon5 üòç')","('user', UserShort(pk='1334087929', username='linguatrip_com', full_name='LinguaTrip.com', profile_pic_url=HttpUrl('https://scontent-atl3-2.cdninstagram.com/v/t51.2885-19/72974417_445282672859426_2794534880757678080_n.jpg?stp=dst-jpg_e0_s150x150&_nc_ht=scontent-atl3-2.cdninstagram.com&_nc_cat=102&_nc_ohc=ZpUjw-CWylMAX9i2YwI&edm=AId3EpQBAAAA&ccb=7-5&oh=00_AfABDDJvOrv3h-mzJqTJlB8Zq2bl7xYx1Xc91jxx4hx19w&oe=652FEE8A&_nc_sid=f5838a', ), profile_pic_url_hd=None, is_private=False, stories=[]))","('created_at_utc', datetime.datetime(2022, 8, 21, 11, 27, 31, tzinfo=datetime.timezone.utc))","('content_type', 'comment')","('status', 'Active')","('has_liked', False)","('like_count', 0)"
81,"('pk', '18049213540352629')","('text', '‚ù§Ô∏è‚ù§Ô∏èüòç')","('user', UserShort(pk='180917179', username='saifon5', full_name='Saifon Chimpalee', profile_pic_url=HttpUrl('https://scontent-atl3-2.cdninstagram.com/v/t51.2885-19/345071445_1964758977241757_6146607764088534034_n.jpg?stp=dst-jpg_e0_s150x150&_nc_ht=scontent-atl3-2.cdninstagram.com&_nc_cat=105&_nc_ohc=VCxdwPJQ3JYAX85tuFd&edm=AId3EpQBAAAA&ccb=7-5&oh=00_AfB4cFb_z92OinylY-hOwYk3V8PRkJYmxeF79JDp0kqHkQ&oe=6530D0A1&_nc_sid=f5838a', ), profile_pic_url_hd=None, is_private=True, stories=[]))","('created_at_utc', datetime.datetime(2022, 8, 20, 14, 1, 6, tzinfo=datetime.timezone.utc))","('content_type', 'comment')","('status', 'Active')","('has_liked', False)","('like_count', 0)"
82,"('pk', '17939521562474812')","('text', '–û—Ç–ª–∏—á–Ω—ã–π –∫–æ–Ω—Ç–µ–Ω—Ç –∏ —Ç–∞–∫–∞—è –∫—Ä–∞—Å–∞–≤–∏—Ü–∞ ! üëè')","('user', UserShort(pk='12356421540', username='a_long_walk_to_freedom', full_name='Firuza Abduraimova', profile_pic_url=HttpUrl('https://scontent-atl3-1.cdninstagram.com/v/t51.2885-19/384104917_246698474565898_7200824514627865372_n.jpg?stp=dst-jpg_e0_s150x150&_nc_ht=scontent-atl3-1.cdninstagram.com&_nc_cat=110&_nc_ohc=fUwX8ye1uxIAX8771aE&edm=AId3EpQBAAAA&ccb=7-5&oh=00_AfCciJ709CVliBT7ZTc8S_ruDvaJI8hfANzfwFr_toXRug&oe=65303C6A&_nc_sid=f5838a', ), profile_pic_url_hd=None, is_private=False, stories=[]))","('created_at_utc', datetime.datetime(2022, 8, 18, 9, 4, 7, tzinfo=datetime.timezone.utc))","('content_type', 'comment')","('status', 'Active')","('has_liked', False)","('like_count', 1)"
83,"('pk', '17965495672834053')","('text', '@rukshani_nishshanka üî•')","('user', UserShort(pk='1334087929', username='linguatrip_com', full_name='LinguaTrip.com', profile_pic_url=HttpUrl('https://scontent-atl3-2.cdninstagram.com/v/t51.2885-19/72974417_445282672859426_2794534880757678080_n.jpg?stp=dst-jpg_e0_s150x150&_nc_ht=scontent-atl3-2.cdninstagram.com&_nc_cat=102&_nc_ohc=ZpUjw-CWylMAX9i2YwI&edm=AId3EpQBAAAA&ccb=7-5&oh=00_AfABDDJvOrv3h-mzJqTJlB8Zq2bl7xYx1Xc91jxx4hx19w&oe=652FEE8A&_nc_sid=f5838a', ), profile_pic_url_hd=None, is_private=False, stories=[]))","('created_at_utc', datetime.datetime(2022, 8, 18, 8, 46, 40, tzinfo=datetime.timezone.utc))","('content_type', 'comment')","('status', 'Active')","('has_liked', False)","('like_count', 1)"
84,"('pk', '17941799876257007')","('text', '@abbas.salim.3950 üî•')","('user', UserShort(pk='1334087929', username='linguatrip_com', full_name='LinguaTrip.com', profile_pic_url=HttpUrl('https://scontent-atl3-2.cdninstagram.com/v/t51.2885-19/72974417_445282672859426_2794534880757678080_n.jpg?stp=dst-jpg_e0_s150x150&_nc_ht=scontent-atl3-2.cdninstagram.com&_nc_cat=102&_nc_ohc=ZpUjw-CWylMAX9i2YwI&edm=AId3EpQBAAAA&ccb=7-5&oh=00_AfABDDJvOrv3h-mzJqTJlB8Zq2bl7xYx1Xc91jxx4hx19w&oe=652FEE8A&_nc_sid=f5838a', ), profile_pic_url_hd=None, is_private=False, stories=[]))","('created_at_utc', datetime.datetime(2022, 8, 18, 8, 46, 13, tzinfo=datetime.timezone.utc))","('content_type', 'comment')","('status', 'Active')","('has_liked', False)","('like_count', 0)"
85,"('pk', '17947750460132622')","('text', '@happy2289life üòç')","('user', UserShort(pk='1334087929', username='linguatrip_com', full_name='LinguaTrip.com', profile_pic_url=HttpUrl('https://scontent-atl3-2.cdninstagram.com/v/t51.2885-19/72974417_445282672859426_2794534880757678080_n.jpg?stp=dst-jpg_e0_s150x150&_nc_ht=scontent-atl3-2.cdninstagram.com&_nc_cat=102&_nc_ohc=ZpUjw-CWylMAX9i2YwI&edm=AId3EpQBAAAA&ccb=7-5&oh=00_AfABDDJvOrv3h-mzJqTJlB8Zq2bl7xYx1Xc91jxx4hx19w&oe=652FEE8A&_nc_sid=f5838a', ), profile_pic_url_hd=None, is_private=False, stories=[]))","('created_at_utc', datetime.datetime(2022, 8, 18, 8, 44, 57, tzinfo=datetime.timezone.utc))","('content_type', 'comment')","('status', 'Active')","('has_liked', False)","('like_count', 1)"
86,"('pk', '17958452686897472')","('text', '@__sknarh60 ‚ù§Ô∏è')","('user', UserShort(pk='1334087929', username='linguatrip_com', full_name='LinguaTrip.com', profile_pic_url=HttpUrl('https://scontent-atl3-2.cdninstagram.com/v/t51.2885-19/72974417_445282672859426_2794534880757678080_n.jpg?stp=dst-jpg_e0_s150x150&_nc_ht=scontent-atl3-2.cdninstagram.com&_nc_cat=102&_nc_ohc=ZpUjw-CWylMAX9i2YwI&edm=AId3EpQBAAAA&ccb=7-5&oh=00_AfABDDJvOrv3h-mzJqTJlB8Zq2bl7xYx1Xc91jxx4hx19w&oe=652FEE8A&_nc_sid=f5838a', ), profile_pic_url_hd=None, is_private=False, stories=[]))","('created_at_utc', datetime.datetime(2022, 8, 18, 8, 44, 53, tzinfo=datetime.timezone.utc))","('content_type', 'comment')","('status', 'Active')","('has_liked', False)","('like_count', 0)"
87,"('pk', '17859721958788141')","('text', '@erniyanti65 üî•')","('user', UserShort(pk='1334087929', username='linguatrip_com', full_name='LinguaTrip.com', profile_pic_url=HttpUrl('https://scontent-atl3-2.cdninstagram.com/v/t51.2885-19/72974417_445282672859426_2794534880757678080_n.jpg?stp=dst-jpg_e0_s150x150&_nc_ht=scontent-atl3-2.cdninstagram.com&_nc_cat=102&_nc_ohc=ZpUjw-CWylMAX9i2YwI&edm=AId3EpQBAAAA&ccb=7-5&oh=00_AfABDDJvOrv3h-mzJqTJlB8Zq2bl7xYx1Xc91jxx4hx19w&oe=652FEE8A&_nc_sid=f5838a', ), profile_pic_url_hd=None, is_private=False, stories=[]))","('created_at_utc', datetime.datetime(2022, 8, 18, 8, 44, 50, tzinfo=datetime.timezone.utc))","('content_type', 'comment')","('status', 'Active')","('has_liked', False)","('like_count', 1)"
88,"('pk', '18312096175015012')","('text', '@english.elements üî•')","('user', UserShort(pk='1334087929', username='linguatrip_com', full_name='LinguaTrip.com', profile_pic_url=HttpUrl('https://scontent-atl3-2.cdninstagram.com/v/t51.2885-19/72974417_445282672859426_2794534880757678080_n.jpg?stp=dst-jpg_e0_s150x150&_nc_ht=scontent-atl3-2.cdninstagram.com&_nc_cat=102&_nc_ohc=ZpUjw-CWylMAX9i2YwI&edm=AId3EpQBAAAA&ccb=7-5&oh=00_AfABDDJvOrv3h-mzJqTJlB8Zq2bl7xYx1Xc91jxx4hx19w&oe=652FEE8A&_nc_sid=f5838a', ), profile_pic_url_hd=None, is_private=False, stories=[]))","('created_at_utc', datetime.datetime(2022, 8, 18, 8, 44, 45, tzinfo=datetime.timezone.utc))","('content_type', 'comment')","('status', 'Active')","('has_liked', False)","('like_count', 1)"
89,"('pk', '18310350235042976')","('text', '@ledia_sameh üòä')","('user', UserShort(pk='1334087929', username='linguatrip_com', full_name='LinguaTrip.com', profile_pic_url=HttpUrl('https://scontent-atl3-2.cdninstagram.com/v/t51.2885-19/72974417_445282672859426_2794534880757678080_n.jpg?stp=dst-jpg_e0_s150x150&_nc_ht=scontent-atl3-2.cdninstagram.com&_nc_cat=102&_nc_ohc=ZpUjw-CWylMAX9i2YwI&edm=AId3EpQBAAAA&ccb=7-5&oh=00_AfABDDJvOrv3h-mzJqTJlB8Zq2bl7xYx1Xc91jxx4hx19w&oe=652FEE8A&_nc_sid=f5838a', ), profile_pic_url_hd=None, is_private=False, stories=[]))","('created_at_utc', datetime.datetime(2022, 8, 18, 8, 44, 40, tzinfo=datetime.timezone.utc))","('content_type', 'comment')","('status', 'Active')","('has_liked', False)","('like_count', 0)"
90,"('pk', '17953547945049960')","('text', '@iammarria_kan üôÉ')","('user', UserShort(pk='1334087929', username='linguatrip_com', full_name='LinguaTrip.com', profile_pic_url=HttpUrl('https://scontent-atl3-2.cdninstagram.com/v/t51.2885-19/72974417_445282672859426_2794534880757678080_n.jpg?stp=dst-jpg_e0_s150x150&_nc_ht=scontent-atl3-2.cdninstagram.com&_nc_cat=102&_nc_ohc=ZpUjw-CWylMAX9i2YwI&edm=AId3EpQBAAAA&ccb=7-5&oh=00_AfABDDJvOrv3h-mzJqTJlB8Zq2bl7xYx1Xc91jxx4hx19w&oe=652FEE8A&_nc_sid=f5838a', ), profile_pic_url_hd=None, is_private=False, stories=[]))","('created_at_utc', datetime.datetime(2022, 8, 18, 8, 44, 22, tzinfo=datetime.timezone.utc))","('content_type', 'comment')","('status', 'Active')","('has_liked', False)","('like_count', 0)"
91,"('pk', '17925345758370102')","('text', '@aveenjawhar üî•')","('user', UserShort(pk='1334087929', username='linguatrip_com', full_name='LinguaTrip.com', profile_pic_url=HttpUrl('https://scontent-atl3-2.cdninstagram.com/v/t51.2885-19/72974417_445282672859426_2794534880757678080_n.jpg?stp=dst-jpg_e0_s150x150&_nc_ht=scontent-atl3-2.cdninstagram.com&_nc_cat=102&_nc_ohc=ZpUjw-CWylMAX9i2YwI&edm=AId3EpQBAAAA&ccb=7-5&oh=00_AfABDDJvOrv3h-mzJqTJlB8Zq2bl7xYx1Xc91jxx4hx19w&oe=652FEE8A&_nc_sid=f5838a', ), profile_pic_url_hd=None, is_private=False, stories=[]))","('created_at_utc', datetime.datetime(2022, 8, 18, 8, 43, 48, tzinfo=datetime.timezone.utc))","('content_type', 'comment')","('status', 'Active')","('has_liked', False)","('like_count', 0)"
92,"('pk', '17920463186533698')","('text', '@dmgarbar üòÇ')","('user', UserShort(pk='1334087929', username='linguatrip_com', full_name='LinguaTrip.com', profile_pic_url=HttpUrl('https://scontent-atl3-2.cdninstagram.com/v/t51.2885-19/72974417_445282672859426_2794534880757678080_n.jpg?stp=dst-jpg_e0_s150x150&_nc_ht=scontent-atl3-2.cdninstagram.com&_nc_cat=102&_nc_ohc=ZpUjw-CWylMAX9i2YwI&edm=AId3EpQBAAAA&ccb=7-5&oh=00_AfABDDJvOrv3h-mzJqTJlB8Zq2bl7xYx1Xc91jxx4hx19w&oe=652FEE8A&_nc_sid=f5838a', ), profile_pic_url_hd=None, is_private=False, stories=[]))","('created_at_utc', datetime.datetime(2022, 8, 18, 8, 43, 43, tzinfo=datetime.timezone.utc))","('content_type', 'comment')","('status', 'Active')","('has_liked', False)","('like_count', 1)"
93,"('pk', '17911145543614612')","('text', '@vaneholls ‚ù§Ô∏èüôå')","('user', UserShort(pk='1334087929', username='linguatrip_com', full_name='LinguaTrip.com', profile_pic_url=HttpUrl('https://scontent-atl3-2.cdninstagram.com/v/t51.2885-19/72974417_445282672859426_2794534880757678080_n.jpg?stp=dst-jpg_e0_s150x150&_nc_ht=scontent-atl3-2.cdninstagram.com&_nc_cat=102&_nc_ohc=ZpUjw-CWylMAX9i2YwI&edm=AId3EpQBAAAA&ccb=7-5&oh=00_AfABDDJvOrv3h-mzJqTJlB8Zq2bl7xYx1Xc91jxx4hx19w&oe=652FEE8A&_nc_sid=f5838a', ), profile_pic_url_hd=None, is_private=False, stories=[]))","('created_at_utc', datetime.datetime(2022, 8, 18, 8, 43, 39, tzinfo=datetime.timezone.utc))","('content_type', 'comment')","('status', 'Active')","('has_liked', False)","('like_count', 1)"
94,"('pk', '17974222429675609')","('text', '@bilingualguno üî•')","('user', UserShort(pk='1334087929', username='linguatrip_com', full_name='LinguaTrip.com', profile_pic_url=HttpUrl('https://scontent-atl3-2.cdninstagram.com/v/t51.2885-19/72974417_445282672859426_2794534880757678080_n.jpg?stp=dst-jpg_e0_s150x150&_nc_ht=scontent-atl3-2.cdninstagram.com&_nc_cat=102&_nc_ohc=ZpUjw-CWylMAX9i2YwI&edm=AId3EpQBAAAA&ccb=7-5&oh=00_AfABDDJvOrv3h-mzJqTJlB8Zq2bl7xYx1Xc91jxx4hx19w&oe=652FEE8A&_nc_sid=f5838a', ), profile_pic_url_hd=None, is_private=False, stories=[]))","('created_at_utc', datetime.datetime(2022, 8, 18, 8, 43, 32, tzinfo=datetime.timezone.utc))","('content_type', 'comment')","('status', 'Active')","('has_liked', False)","('like_count', 0)"
95,"('pk', '17919576677588305')","('text', '@dora.idiomaseviagens thanks‚ù§Ô∏è')","('user', UserShort(pk='1334087929', username='linguatrip_com', full_name='LinguaTrip.com', profile_pic_url=HttpUrl('https://scontent-atl3-2.cdninstagram.com/v/t51.2885-19/72974417_445282672859426_2794534880757678080_n.jpg?stp=dst-jpg_e0_s150x150&_nc_ht=scontent-atl3-2.cdninstagram.com&_nc_cat=102&_nc_ohc=ZpUjw-CWylMAX9i2YwI&edm=AId3EpQBAAAA&ccb=7-5&oh=00_AfABDDJvOrv3h-mzJqTJlB8Zq2bl7xYx1Xc91jxx4hx19w&oe=652FEE8A&_nc_sid=f5838a', ), profile_pic_url_hd=None, is_private=False, stories=[]))","('created_at_utc', datetime.datetime(2022, 8, 18, 8, 43, 6, tzinfo=datetime.timezone.utc))","('content_type', 'comment')","('status', 'Active')","('has_liked', False)","('like_count', 1)"
96,"('pk', '18216985837159486')","('text', '@maksatgylyjov üôà')","('user', UserShort(pk='1334087929', username='linguatrip_com', full_name='LinguaTrip.com', profile_pic_url=HttpUrl('https://scontent-atl3-2.cdninstagram.com/v/t51.2885-19/72974417_445282672859426_2794534880757678080_n.jpg?stp=dst-jpg_e0_s150x150&_nc_ht=scontent-atl3-2.cdninstagram.com&_nc_cat=102&_nc_ohc=ZpUjw-CWylMAX9i2YwI&edm=AId3EpQBAAAA&ccb=7-5&oh=00_AfABDDJvOrv3h-mzJqTJlB8Zq2bl7xYx1Xc91jxx4hx19w&oe=652FEE8A&_nc_sid=f5838a', ), profile_pic_url_hd=None, is_private=False, stories=[]))","('created_at_utc', datetime.datetime(2022, 8, 18, 8, 42, 59, tzinfo=datetime.timezone.utc))","('content_type', 'comment')","('status', 'Active')","('has_liked', False)","('like_count', 0)"
97,"('pk', '17958462967835857')","('text', '@chirkovmaxim71 üî•')","('user', UserShort(pk='1334087929', username='linguatrip_com', full_name='LinguaTrip.com', profile_pic_url=HttpUrl('https://scontent-atl3-2.cdninstagram.com/v/t51.2885-19/72974417_445282672859426_2794534880757678080_n.jpg?stp=dst-jpg_e0_s150x150&_nc_ht=scontent-atl3-2.cdninstagram.com&_nc_cat=102&_nc_ohc=ZpUjw-CWylMAX9i2YwI&edm=AId3EpQBAAAA&ccb=7-5&oh=00_AfABDDJvOrv3h-mzJqTJlB8Zq2bl7xYx1Xc91jxx4hx19w&oe=652FEE8A&_nc_sid=f5838a', ), profile_pic_url_hd=None, is_private=False, stories=[]))","('created_at_utc', datetime.datetime(2022, 8, 18, 8, 42, 12, tzinfo=datetime.timezone.utc))","('content_type', 'comment')","('status', 'Active')","('has_liked', False)","('like_count', 0)"
98,"('pk', '17956715662945567')","('text', '@taner_boray_ingilizce_konusma üî•')","('user', UserShort(pk='1334087929', username='linguatrip_com', full_name='LinguaTrip.com', profile_pic_url=HttpUrl('https://scontent-atl3-2.cdninstagram.com/v/t51.2885-19/72974417_445282672859426_2794534880757678080_n.jpg?stp=dst-jpg_e0_s150x150&_nc_ht=scontent-atl3-2.cdninstagram.com&_nc_cat=102&_nc_ohc=ZpUjw-CWylMAX9i2YwI&edm=AId3EpQBAAAA&ccb=7-5&oh=00_AfABDDJvOrv3h-mzJqTJlB8Zq2bl7xYx1Xc91jxx4hx19w&oe=652FEE8A&_nc_sid=f5838a', ), profile_pic_url_hd=None, is_private=False, stories=[]))","('created_at_utc', datetime.datetime(2022, 8, 18, 8, 40, 54, tzinfo=datetime.timezone.utc))","('content_type', 'comment')","('status', 'Active')","('has_liked', False)","('like_count', 1)"
99,"('pk', '17933412230271291')","('text', 'üëèüëè TRAIL BLAZER üôèüôè')","('user', UserShort(pk='9258851706', username='taner_boray_ingilizce_konusma', full_name='Taner Boray', profile_pic_url=HttpUrl('https://scontent-atl3-1.cdninstagram.com/v/t51.2885-19/365454416_1004777454048790_2399625671467252572_n.jpg?stp=dst-jpg_e0_s150x150&_nc_ht=scontent-atl3-1.cdninstagram.com&_nc_cat=110&_nc_ohc=JqUbVUhPF-IAX_rNpDx&edm=AId3EpQBAAAA&ccb=7-5&oh=00_AfBgmw45r6uOd4J0Qceux0CSbYpscKxfzZ9-cO1ZJ7fw5A&oe=65303BC3&_nc_sid=f5838a', ), profile_pic_url_hd=None, is_private=False, stories=[]))","('created_at_utc', datetime.datetime(2022, 8, 18, 6, 30, 13, tzinfo=datetime.timezone.utc))","('content_type', 'comment')","('status', 'Active')","('has_liked', False)","('like_count', 0)"
100,"('pk', '17895636638660574')","('text', '–í—ã —Ç–∞–∫ –ø–æ—Ö–æ–∂–∏ –Ω–∞ –º–æ—é –ª—é–±–∏–º—É—é –∂–µ–Ω—É!üî•')","('user', UserShort(pk='36266124964', username='chirkovmaxim71', full_name='–ú–∞–∫—Å–∏–º –ß–∏—Ä–∫–æ–≤', profile_pic_url=HttpUrl('https://scontent-atl3-1.cdninstagram.com/v/t51.2885-19/280671614_397078852290348_5473824335416398306_n.jpg?stp=dst-jpg_e0_s150x150&_nc_ht=scontent-atl3-1.cdninstagram.com&_nc_cat=100&_nc_ohc=47OGEsLcKzEAX-dGRWs&edm=AId3EpQBAAAA&ccb=7-5&oh=00_AfBAS-Ud5hNn9Zx0DoqZ7_wW66YjoaDIbgKHk5iheOT6ug&oe=6530A4B8&_nc_sid=f5838a', ), profile_pic_url_hd=None, is_private=False, stories=[]))","('created_at_utc', datetime.datetime(2022, 8, 17, 20, 9, 24, tzinfo=datetime.timezone.utc))","('content_type', 'comment')","('status', 'Active')","('has_liked', False)","('like_count', 0)"
101,"('pk', '17973616483712177')","('text', '–û—á–µ–Ω—å —Å–∏–ª—å–Ω–æ –ø–æ–ª—é–±–∏–ª —Ç–µ–±—è  —Ç—ã –¥–∞–∂–µ –Ω–µ –ø–æ–≤–µ—Ä–∏—à—å')","('user', UserShort(pk='6002421743', username='maksatgylyjov', full_name='Maksat Gylyjov', profile_pic_url=HttpUrl('https://scontent-atl3-1.cdninstagram.com/v/t51.2885-19/337720306_3508810102765556_392468962711838889_n.jpg?stp=dst-jpg_e0_s150x150&_nc_ht=scontent-atl3-1.cdninstagram.com&_nc_cat=108&_nc_ohc=rE9JgOnS4h4AX8LCSXt&edm=AId3EpQBAAAA&ccb=7-5&oh=00_AfCWN5uRXYzNyv-OPhifDDhSV6f7h3PgaQKeu0xrGgr6IA&oe=652F9A39&_nc_sid=f5838a', ), profile_pic_url_hd=None, is_private=False, stories=[]))","('created_at_utc', datetime.datetime(2022, 8, 17, 19, 57, 12, tzinfo=datetime.timezone.utc))","('content_type', 'comment')","('status', 'Active')","('has_liked', False)","('like_count', 1)"
102,"('pk', '17907859124626172')","('text', 'Great videos üëè')","('user', UserShort(pk='53074916452', username='dora.idiomaseviagens', full_name='Dora | I ‚ù§Ô∏è Wales', profile_pic_url=HttpUrl('https://scontent-atl3-1.cdninstagram.com/v/t51.2885-19/364049277_802404531606392_3923950298844294012_n.jpg?stp=dst-jpg_e0_s150x150&_nc_ht=scontent-atl3-1.cdninstagram.com&_nc_cat=108&_nc_ohc=b4kAW-WdFbQAX_K8laK&edm=AId3EpQBAAAA&ccb=7-5&oh=00_AfDabdoG7fqEIE3YB6ZH7NjXWQZYt16RaaL5Xumf_zxsuA&oe=6530D340&_nc_sid=f5838a', ), profile_pic_url_hd=None, is_private=False, stories=[]))","('created_at_utc', datetime.datetime(2022, 8, 17, 19, 36, 21, tzinfo=datetime.timezone.utc))","('content_type', 'comment')","('status', 'Active')","('has_liked', False)","('like_count', 0)"
103,"('pk', '18171529783217506')","('text', 'My favorite event which I have visited so far is the international trade fair. \nI‚Äôll go for eating out because preparing meal is very challenging for me. \nI dream of being Ceo of my own business. \nLearning english is essential for the business world so I am learning English. In this way, we learn both different culture and different business tips. üëç')","('user', UserShort(pk='51843310645', username='busraozcurcu', full_name='BilingualGuno', profile_pic_url=HttpUrl('https://scontent-atl3-1.cdninstagram.com/v/t51.2885-19/325939854_525653736042058_6855070482172103022_n.jpg?stp=dst-jpg_e0_s150x150&_nc_ht=scontent-atl3-1.cdninstagram.com&_nc_cat=110&_nc_ohc=NTjUWaPR3_oAX-Ijp-6&edm=AId3EpQBAAAA&ccb=7-5&oh=00_AfAnfxCuqM3SjEi2K_X7nQt1AK4OEuqRpaD0X_U4VFgRfg&oe=652F6633&_nc_sid=f5838a', ), profile_pic_url_hd=None, is_private=False, stories=[]))","('created_at_utc', datetime.datetime(2022, 8, 17, 19, 26, tzinfo=datetime.timezone.utc))","('content_type', 'comment')","('status', 'Active')","('has_liked', False)","('like_count', 1)"
104,"('pk', '17983483381569108')","('text', 'I will definitely in some weeks start this course! Just to practice plus I love your Instagram posts ‚ù§Ô∏è')","('user', UserShort(pk='896435793', username='vaneholls', full_name='Vanessa Holls | Î∞îÎÑ§ÏÇ¨', profile_pic_url=HttpUrl('https://scontent-atl3-2.cdninstagram.com/v/t51.2885-19/361936003_6203091123123377_857525254218784452_n.jpg?stp=dst-jpg_e0_s150x150&_nc_ht=scontent-atl3-2.cdninstagram.com&_nc_cat=105&_nc_ohc=Y2RYb_2QG7EAX-baOM0&edm=AId3EpQBAAAA&ccb=7-5&oh=00_AfBJVF6tlpM7j_2NGZXmUYG9orioUeQGjLvwWmSDiEXrMQ&oe=65306262&_nc_sid=f5838a', ), profile_pic_url_hd=None, is_private=True, stories=[]))","('created_at_utc', datetime.datetime(2022, 8, 17, 18, 51, 48, tzinfo=datetime.timezone.utc))","('content_type', 'comment')","('status', 'Active')","('has_liked', False)","('like_count', 1)"
105,"('pk', '18210595495089010')","('text', '–ú–æ–∂–Ω–æ —Å–º–æ—Ç—Ä–µ—Ç—å –±–µ–∑ –∑–≤—É–∫–∞ üëçüèºüòÇ')","('user', UserShort(pk='1825183236', username='dmgarbar', full_name='–î–º–∏—Ç—Ä–∏–π –ì–∞—Ä–±–∞—Ä', profile_pic_url=HttpUrl('https://scontent-atl3-1.cdninstagram.com/v/t51.2885-19/289263925_561165615542760_5454981147167438192_n.jpg?stp=dst-jpg_e0_s150x150&_nc_ht=scontent-atl3-1.cdninstagram.com&_nc_cat=100&_nc_ohc=NydB7EQ-NL0AX_vDvT_&edm=AId3EpQBAAAA&ccb=7-5&oh=00_AfBap18oJgt2x4TNkrkXV-kuRtOwl_dKgREF_H8JxyViRg&oe=65305474&_nc_sid=f5838a', ), profile_pic_url_hd=None, is_private=False, stories=[]))","('created_at_utc', datetime.datetime(2022, 8, 17, 18, 43, 16, tzinfo=datetime.timezone.utc))","('content_type', 'comment')","('status', 'Active')","('has_liked', False)","('like_count', 0)"
106,"('pk', '17956028449888528')","('text', 'üëèüëè‚ù§Ô∏è')","('user', UserShort(pk='2318197869', username='aveenjawhar', full_name='ÿ¶€ï⁄§€åŸÜ üïäÔ∏è', profile_pic_url=HttpUrl('https://scontent-atl3-1.cdninstagram.com/v/t51.2885-19/391453118_866374701722676_2516491424820575139_n.jpg?stp=dst-jpg_e0_s150x150&_nc_ht=scontent-atl3-1.cdninstagram.com&_nc_cat=100&_nc_ohc=-KA7lHrQ9-kAX9zgh7n&edm=AId3EpQBAAAA&ccb=7-5&oh=00_AfDeYfR0eY7OvvXimMHzj9c7DAOdRMeTv57qxata4XHaKQ&oe=652FCC37&_nc_sid=f5838a', ), profile_pic_url_hd=None, is_private=True, stories=[]))","('created_at_utc', datetime.datetime(2022, 8, 17, 18, 41, 43, tzinfo=datetime.timezone.utc))","('content_type', 'comment')","('status', 'Active')","('has_liked', False)","('like_count', 0)"
107,"('pk', '17946652040311449')","('text', 'My best visit was to nathiagali,I prefer eating at home, my dream job is to become a chemist and the last but not the least English is a key for unlocking the door to the desired goal.')","('user', UserShort(pk='43265137336', username='airram_nahk', full_name='Marria Khan', profile_pic_url=HttpUrl('https://scontent-atl3-1.cdninstagram.com/v/t51.2885-19/368667110_223473940308788_1372454162359805521_n.jpg?stp=dst-jpg_e0_s150x150&_nc_ht=scontent-atl3-1.cdninstagram.com&_nc_cat=108&_nc_ohc=xFxoDLit1BYAX8KmLXf&edm=AId3EpQBAAAA&ccb=7-5&oh=00_AfDMi-zgHUU3QAyRUmTXWaFjwry88fPjijOQS_KA2vERRA&oe=6530DCC5&_nc_sid=f5838a', ), profile_pic_url_hd=None, is_private=True, stories=[]))","('created_at_utc', datetime.datetime(2022, 8, 17, 18, 18, 54, tzinfo=datetime.timezone.utc))","('content_type', 'comment')","('status', 'Active')","('has_liked', False)","('like_count', 3)"
108,"('pk', '18036717244375069')","('text', '@abbas.salim.3950 ‚ÄúBill‚Äù is use for daily routine, for instance, if you go to the restaurant you should pay the bill. However ‚Äúinvoice‚Äù is use in business environment. For example, this quaterly the invoices double so, we will have more payable accounts')","('user', UserShort(pk='24830013188', username='rodrigo_urream', full_name='Rodrigo Urrea', profile_pic_url=HttpUrl('https://scontent-atl3-1.cdninstagram.com/v/t51.2885-19/381211863_996827261580534_5445630625144484915_n.jpg?stp=dst-jpg_e0_s150x150&_nc_ht=scontent-atl3-1.cdninstagram.com&_nc_cat=106&_nc_ohc=L7il2eNXNfcAX_WFfdP&edm=AId3EpQBAAAA&ccb=7-5&oh=00_AfD1vN_67JANsqtQ58APuiOKx3KVlGka_vfWG3us-zrsMg&oe=653021AB&_nc_sid=f5838a', ), profile_pic_url_hd=None, is_private=True, stories=[]))","('created_at_utc', datetime.datetime(2022, 8, 17, 18, 5, 29, tzinfo=datetime.timezone.utc))","('content_type', 'comment')","('status', 'Active')","('has_liked', False)","('like_count', 4)"
109,"('pk', '17970486739692603')","('text', '‚ù§Ô∏è‚ù§Ô∏è')","('user', UserShort(pk='2090431690', username='ledia_sameh', full_name='Ledia Sameh', profile_pic_url=HttpUrl('https://scontent-atl3-1.cdninstagram.com/v/t51.2885-19/387267477_805840744606872_4675418026066511477_n.jpg?stp=dst-jpg_e0_s150x150&_nc_ht=scontent-atl3-1.cdninstagram.com&_nc_cat=100&_nc_ohc=_SrTsuTO-SAAX__AIng&edm=AId3EpQBAAAA&ccb=7-5&oh=00_AfD4rVgBxI1fU6zbgLFg-qI9clnZpePQ68XZVBnbuP3jUw&oe=652F6600&_nc_sid=f5838a', ), profile_pic_url_hd=None, is_private=True, stories=[]))","('created_at_utc', datetime.datetime(2022, 8, 17, 17, 44, 35, tzinfo=datetime.timezone.utc))","('content_type', 'comment')","('status', 'Active')","('has_liked', False)","('like_count', 0)"
110,"('pk', '17933901386376782')","('text', 'Love the creativity')","('user', UserShort(pk='52687283812', username='english.elements', full_name='Amin Jafari - English teacher/translator', profile_pic_url=HttpUrl('https://scontent-atl3-1.cdninstagram.com/v/t51.2885-19/326405176_1215807462646665_6357888663253708735_n.jpg?stp=dst-jpg_e0_s150x150&_nc_ht=scontent-atl3-1.cdninstagram.com&_nc_cat=109&_nc_ohc=bQxXaa5ng5gAX9VvUTr&edm=AId3EpQBAAAA&ccb=7-5&oh=00_AfDk2g_B1VCnhU_q_pTPEQlKlNM8EVty412KquwcAJkJBg&oe=65311448&_nc_sid=f5838a', ), profile_pic_url_hd=None, is_private=False, stories=[]))","('created_at_utc', datetime.datetime(2022, 8, 17, 17, 3, 49, tzinfo=datetime.timezone.utc))","('content_type', 'comment')","('status', 'Active')","('has_liked', False)","('like_count', 1)"
111,"('pk', '17989095778543497')","('text', ""My best even to visit in Dubai.I prefer to eat out, my dream job is built my our business. I'm learning english cause English already world"")","('user', UserShort(pk='27660603295', username='erniyanti65', full_name='erniyanti', profile_pic_url=HttpUrl('https://scontent-atl3-1.cdninstagram.com/v/t51.2885-19/119485227_122631365992519_2571429258671297305_n.jpg?stp=dst-jpg_e0_s150x150&_nc_ht=scontent-atl3-1.cdninstagram.com&_nc_cat=107&_nc_ohc=JgrJ3qUzcTEAX_F7ogo&edm=AId3EpQBAAAA&ccb=7-5&oh=00_AfCt2tgAkbZmbE-fJGcQN8AmDPUKf48Z5mHIx8HaDKnJKw&oe=653040E7&_nc_sid=f5838a', ), profile_pic_url_hd=None, is_private=True, stories=[]))","('created_at_utc', datetime.datetime(2022, 8, 17, 16, 49, 24, tzinfo=datetime.timezone.utc))","('content_type', 'comment')","('status', 'Active')","('has_liked', False)","('like_count', 0)"
112,"('pk', '17924762978522573')","('text', '‚ù§Ô∏è‚ù§Ô∏è‚ù§Ô∏è‚ù§Ô∏èüëèüëèüëè')","('user', UserShort(pk='53142851930', username='happy2289life', full_name='Happy life', profile_pic_url=HttpUrl('https://scontent-atl3-2.cdninstagram.com/v/t51.2885-19/280329312_691765665467255_6048251119739679314_n.jpg?stp=dst-jpg_e0_s150x150&_nc_ht=scontent-atl3-2.cdninstagram.com&_nc_cat=111&_nc_ohc=GVL_ckIWQd0AX8c3r-t&edm=AId3EpQBAAAA&ccb=7-5&oh=00_AfCQcqHv2DNorLxGm8yoHu3RcRHmdYL0BGHnIovvFFTp3w&oe=65307882&_nc_sid=f5838a', ), profile_pic_url_hd=None, is_private=False, stories=[]))","('created_at_utc', datetime.datetime(2022, 8, 17, 16, 36, 24, tzinfo=datetime.timezone.utc))","('content_type', 'comment')","('status', 'Active')","('has_liked', False)","('like_count', 0)"
113,"('pk', '17996933770496897')","('text', 'Visited or been to?')","('user', UserShort(pk='306991279', username='lena_guicheteau', full_name='Dalvalene Guicheteau', profile_pic_url=HttpUrl('https://scontent-atl3-1.cdninstagram.com/v/t51.2885-19/356793459_3635556293434554_6080484651458828116_n.jpg?stp=dst-jpg_e0_s150x150&_nc_ht=scontent-atl3-1.cdninstagram.com&_nc_cat=106&_nc_ohc=Bec8vHhAOI0AX_aEQip&edm=AId3EpQBAAAA&ccb=7-5&oh=00_AfAMi-wfyRZecBJ988G9-8-Zzcrn1mpzNApBLZXNb90tlA&oe=652F930A&_nc_sid=f5838a', ), profile_pic_url_hd=None, is_private=False, stories=[]))","('created_at_utc', datetime.datetime(2022, 8, 17, 16, 32, 46, tzinfo=datetime.timezone.utc))","('content_type', 'comment')","('status', 'Active')","('has_liked', False)","('like_count', 0)"
114,"('pk', '17891929304674856')","('text', 'What is the difference between tax , bill and invoice?')","('user', UserShort(pk='51194343030', username='abbas.salim.3950', full_name='Abbas Salim', profile_pic_url=HttpUrl('https://scontent-atl3-1.cdninstagram.com/v/t51.2885-19/271340162_414050760503127_4413305092857619419_n.jpg?stp=dst-jpg_e0_s150x150&_nc_ht=scontent-atl3-1.cdninstagram.com&_nc_cat=103&_nc_ohc=0HxlmhrKgvAAX-twLDq&edm=AId3EpQBAAAA&ccb=7-5&oh=00_AfC9y0IIJjoh-bojaLKth_2qEd0H3bNEebuHYmoFdcLP5w&oe=65304A46&_nc_sid=f5838a', ), profile_pic_url_hd=None, is_private=False, stories=[]))","('created_at_utc', datetime.datetime(2022, 8, 17, 16, 26, 54, tzinfo=datetime.timezone.utc))","('content_type', 'comment')","('status', 'Active')","('has_liked', False)","('like_count', 0)"
115,"('pk', '18218068912199757')","('text', 'First like from me')","('user', UserShort(pk='47481864211', username='tharu_rukshanii', full_name='Tharu Rukshani', profile_pic_url=HttpUrl('https://scontent-atl3-1.cdninstagram.com/v/t51.2885-19/381658549_832114678442659_4670425793380284934_n.jpg?stp=dst-jpg_e0_s150x150&_nc_ht=scontent-atl3-1.cdninstagram.com&_nc_cat=107&_nc_ohc=nX6FRirAq98AX8M8kQf&edm=AId3EpQBAAAA&ccb=7-5&oh=00_AfDHJJMlWpq_pYmspBg3J0YA8hrYQfD_5ckdXEDC5P1pSw&oe=653106AD&_nc_sid=f5838a', ), profile_pic_url_hd=None, is_private=False, stories=[]))","('created_at_utc', datetime.datetime(2022, 8, 17, 16, 22, 4, tzinfo=datetime.timezone.utc))","('content_type', 'comment')","('status', 'Active')","('has_liked', False)","('like_count', 1)"
